Copyright 1986-2022 Xilinx, Inc. All Rights Reserved. Copyright 2022-2025 Advanced Micro Devices, Inc. All Rights Reserved.
----------------------------------------------------------------------------------------------------------------------------------------------------------
| Tool Version              : Vivado v.2025.2 (win64) Build 6299465 Fri Nov 14 19:35:11 GMT 2025
| Date                      : Sat Jun 27 21:29:53 2026
| Host                      : Dell-3793 running 64-bit major release  (build 9200)
| Command                   : report_io -file ASCON_io_placed.rpt
| Design                    : ASCON
| Device                    : xc7a75t
| Speed File                : -1
| Package                   : fgg676
| Package Version           : FINAL 2012-06-26
| Package Pin Delay Version : VERS. 2.0 2012-06-26
----------------------------------------------------------------------------------------------------------------------------------------------------------

IO Information

Table of Contents
-----------------
1. Summary
2. IO Assignments by Package Pin

1. Summary
----------

+---------------+
| Total User IO |
+---------------+
|           274 |
+---------------+


2. IO Assignments by Package Pin
--------------------------------

+------------+---------------+------------+------------------------------+---------------+-------------+---------+------------+------+---------------------+----------------------+---------+------------+-----------+----------+------+------------------+--------------+-------------------+--------------+
| Pin Number | Signal Name   | Bank Type  | Pin Name                     | Use           | IO Standard | IO Bank | Drive (mA) | Slew | On-Chip Termination | Off-Chip Termination | Voltage | Constraint | Pull Type | DQS Bias | Vref | Signal Integrity | Pre Emphasis | Lvds Pre Emphasis | Equalization |
+------------+---------------+------------+------------------------------+---------------+-------------+---------+------------+------+---------------------+----------------------+---------+------------+-----------+----------+------+------------------+--------------+-------------------+--------------+
| A1         |               | High Range | VCCO_35                      | VCCO          |             |      35 |            |      |                     |                      |    1.80 |            |           |          |      |                  |              |                   |              |
| A2         | busOUT[87]    | High Range | IO_L20N_T3_35                | TRISTATE      | LVCMOS18*   |      35 |         12 | SLOW |                     |            FP_VTT_50 |         | UNFIXED    |           |          |      | NONE             |              |                   |              |
| A3         | busOUT[88]    | High Range | IO_L20P_T3_35                | TRISTATE      | LVCMOS18*   |      35 |         12 | SLOW |                     |            FP_VTT_50 |         | UNFIXED    |           |          |      | NONE             |              |                   |              |
| A4         | busOUT[95]    | High Range | IO_L16N_T2_35                | TRISTATE      | LVCMOS18*   |      35 |         12 | SLOW |                     |            FP_VTT_50 |         | UNFIXED    |           |          |      | NONE             |              |                   |              |
| A5         | busOUT[97]    | High Range | IO_L15N_T2_DQS_35            | TRISTATE      | LVCMOS18*   |      35 |         12 | SLOW |                     |            FP_VTT_50 |         | UNFIXED    |           |          |      | NONE             |              |                   |              |
| A6         |               |            | GND                          | GND           |             |         |            |      |                     |                      |     0.0 |            |           |          |      |                  |              |                   |              |
| A7         |               |            | MGTPTXN0_216                 | Gigabit       |             |         |            |      |                     |                      |         |            |           |          |      |                  |              |                   |              |
| A8         |               |            | GND                          | GND           |             |         |            |      |                     |                      |     0.0 |            |           |          |      |                  |              |                   |              |
| A9         |               |            | MGTPTXN2_216                 | Gigabit       |             |         |            |      |                     |                      |         |            |           |          |      |                  |              |                   |              |
| A10        |               |            | GND                          | GND           |             |         |            |      |                     |                      |     0.0 |            |           |          |      |                  |              |                   |              |
| A11        |               |            | MGTPRXN0_216                 | Gigabit       |             |         |            |      |                     |                      |         |            |           |          |      |                  |              |                   |              |
| A12        |               |            | GND                          | GND           |             |         |            |      |                     |                      |     0.0 |            |           |          |      |                  |              |                   |              |
| A13        |               |            | MGTPRXN2_216                 | Gigabit       |             |         |            |      |                     |                      |         |            |           |          |      |                  |              |                   |              |
| A14        |               |            | GND                          | GND           |             |         |            |      |                     |                      |     0.0 |            |           |          |      |                  |              |                   |              |
| A15        |               |            | MGTRREF_216                  | Gigabit       |             |         |            |      |                     |                      |         |            |           |          |      |                  |              |                   |              |
| A16        |               |            | GND                          | GND           |             |         |            |      |                     |                      |     0.0 |            |           |          |      |                  |              |                   |              |
| A17        | busIN[32]     | High Range | IO_L9P_T1_DQS_16             | INPUT         | LVCMOS18*   |      16 |            |      |                     |                 NONE |         | UNFIXED    |           |          |      | NONE             |              |                   |              |
| A18        | busIN[31]     | High Range | IO_L9N_T1_DQS_16             | INPUT         | LVCMOS18*   |      16 |            |      |                     |                 NONE |         | UNFIXED    |           |          |      | NONE             |              |                   |              |
| A19        | busIN[29]     | High Range | IO_L10N_T1_16                | INPUT         | LVCMOS18*   |      16 |            |      |                     |                 NONE |         | UNFIXED    |           |          |      | NONE             |              |                   |              |
| A20        | busIN[19]     | High Range | IO_L15N_T2_DQS_16            | INPUT         | LVCMOS18*   |      16 |            |      |                     |                 NONE |         | UNFIXED    |           |          |      | NONE             |              |                   |              |
| A21        |               | High Range | VCCO_16                      | VCCO          |             |      16 |            |      |                     |                      |    1.80 |            |           |          |      |                  |              |                   |              |
| A22        | busIN[15]     | High Range | IO_L17N_T2_16                | INPUT         | LVCMOS18*   |      16 |            |      |                     |                 NONE |         | UNFIXED    |           |          |      | NONE             |              |                   |              |
| A23        | busIN[8]      | High Range | IO_L21P_T3_DQS_16            | INPUT         | LVCMOS18*   |      16 |            |      |                     |                 NONE |         | UNFIXED    |           |          |      | NONE             |              |                   |              |
| A24        | busIN[7]      | High Range | IO_L21N_T3_DQS_16            | INPUT         | LVCMOS18*   |      16 |            |      |                     |                 NONE |         | UNFIXED    |           |          |      | NONE             |              |                   |              |
| A25        | busIN[9]      | High Range | IO_L20N_T3_16                | INPUT         | LVCMOS18*   |      16 |            |      |                     |                 NONE |         | UNFIXED    |           |          |      | NONE             |              |                   |              |
| A26        |               |            | GND                          | GND           |             |         |            |      |                     |                      |     0.0 |            |           |          |      |                  |              |                   |              |
| AA1        |               | Dedicated  | VCCO_33                      | VCCO          |             |      33 |            |      |                     |                      |   any** |            |           |          |      |                  |              |                   |              |
| AA2        |               |            | NC                           | Not Connected |             |         |            |      |                     |                      |         |            |           |          |      |                  |              |                   |              |
| AA3        |               |            | NC                           | Not Connected |             |         |            |      |                     |                      |         |            |           |          |      |                  |              |                   |              |
| AA4        |               |            | NC                           | Not Connected |             |         |            |      |                     |                      |         |            |           |          |      |                  |              |                   |              |
| AA5        |               |            | NC                           | Not Connected |             |         |            |      |                     |                      |         |            |           |          |      |                  |              |                   |              |
| AA6        |               |            | GND                          | GND           |             |         |            |      |                     |                      |     0.0 |            |           |          |      |                  |              |                   |              |
| AA7        |               |            | NC                           | Not Connected |             |         |            |      |                     |                      |         |            |           |          |      |                  |              |                   |              |
| AA8        |               |            | NC                           | Not Connected |             |         |            |      |                     |                      |         |            |           |          |      |                  |              |                   |              |
| AA9        |               |            | GND                          | GND           |             |         |            |      |                     |                      |     0.0 |            |           |          |      |                  |              |                   |              |
| AA10       |               |            | MGTAVCC_G10                  | Gigabit Power |             |         |            |      |                     |                      |         |            |           |          |      |                  |              |                   |              |
| AA11       |               |            | MGTREFCLK1P_213              | Gigabit       |             |         |            |      |                     |                      |         |            |           |          |      |                  |              |                   |              |
| AA12       |               |            | MGTAVCC_G10                  | Gigabit Power |             |         |            |      |                     |                      |         |            |           |          |      |                  |              |                   |              |
| AA13       |               |            | MGTREFCLK0P_213              | Gigabit       |             |         |            |      |                     |                      |         |            |           |          |      |                  |              |                   |              |
| AA14       |               |            | GND                          | GND           |             |         |            |      |                     |                      |     0.0 |            |           |          |      |                  |              |                   |              |
| AA15       |               |            | NC                           | Not Connected |             |         |            |      |                     |                      |         |            |           |          |      |                  |              |                   |              |
| AA16       |               |            | GND                          | GND           |             |         |            |      |                     |                      |     0.0 |            |           |          |      |                  |              |                   |              |
| AA17       |               |            | NC                           | Not Connected |             |         |            |      |                     |                      |         |            |           |          |      |                  |              |                   |              |
| AA18       |               |            | NC                           | Not Connected |             |         |            |      |                     |                      |         |            |           |          |      |                  |              |                   |              |
| AA19       |               |            | NC                           | Not Connected |             |         |            |      |                     |                      |         |            |           |          |      |                  |              |                   |              |
| AA20       |               |            | NC                           | Not Connected |             |         |            |      |                     |                      |         |            |           |          |      |                  |              |                   |              |
| AA21       |               | Dedicated  | VCCO_12                      | VCCO          |             |      12 |            |      |                     |                      |   any** |            |           |          |      |                  |              |                   |              |
| AA22       | FSMState[0]   | High Range | IO_L8P_T1_13                 | OUTPUT        | LVCMOS18*   |      13 |         12 | SLOW |                     |            FP_VTT_50 |         | UNFIXED    |           |          |      | NONE             |              |                   |              |
| AA23       | FSMCommand[4] | High Range | IO_L8N_T1_13                 | OUTPUT        | LVCMOS18*   |      13 |         12 | SLOW |                     |            FP_VTT_50 |         | UNFIXED    |           |          |      | NONE             |              |                   |              |
| AA24       | FSMState[2]   | High Range | IO_L7P_T1_13                 | OUTPUT        | LVCMOS18*   |      13 |         12 | SLOW |                     |            FP_VTT_50 |         | UNFIXED    |           |          |      | NONE             |              |                   |              |
| AA25       | busNext       | High Range | IO_L5N_T0_13                 | OUTPUT        | LVCMOS18*   |      13 |         12 | SLOW |                     |            FP_VTT_50 |         | UNFIXED    |           |          |      | NONE             |              |                   |              |
| AA26       |               |            | GND                          | GND           |             |         |            |      |                     |                      |     0.0 |            |           |          |      |                  |              |                   |              |
| AB1        |               |            | NC                           | Not Connected |             |         |            |      |                     |                      |         |            |           |          |      |                  |              |                   |              |
| AB2        |               |            | NC                           | Not Connected |             |         |            |      |                     |                      |         |            |           |          |      |                  |              |                   |              |
| AB3        |               |            | GND                          | GND           |             |         |            |      |                     |                      |     0.0 |            |           |          |      |                  |              |                   |              |
| AB4        |               |            | NC                           | Not Connected |             |         |            |      |                     |                      |         |            |           |          |      |                  |              |                   |              |
| AB5        |               |            | NC                           | Not Connected |             |         |            |      |                     |                      |         |            |           |          |      |                  |              |                   |              |
| AB6        |               |            | NC                           | Not Connected |             |         |            |      |                     |                      |         |            |           |          |      |                  |              |                   |              |
| AB7        |               | Dedicated  | M0_0                         | Config        |             |       0 |            |      |                     |                      |         |            |           |          |      |                  |              |                   |              |
| AB8        |               |            | GND                          | GND           |             |         |            |      |                     |                      |     0.0 |            |           |          |      |                  |              |                   |              |
| AB9        |               |            | GND                          | GND           |             |         |            |      |                     |                      |     0.0 |            |           |          |      |                  |              |                   |              |
| AB10       |               |            | GND                          | GND           |             |         |            |      |                     |                      |     0.0 |            |           |          |      |                  |              |                   |              |
| AB11       |               |            | MGTREFCLK1N_213              | Gigabit       |             |         |            |      |                     |                      |         |            |           |          |      |                  |              |                   |              |
| AB12       |               |            | GND                          | GND           |             |         |            |      |                     |                      |     0.0 |            |           |          |      |                  |              |                   |              |
| AB13       |               |            | MGTREFCLK0N_213              | Gigabit       |             |         |            |      |                     |                      |         |            |           |          |      |                  |              |                   |              |
| AB14       |               |            | GND                          | GND           |             |         |            |      |                     |                      |     0.0 |            |           |          |      |                  |              |                   |              |
| AB15       |               | Dedicated  | CFGBVS_0                     | Config        |             |       0 |            |      |                     |                      |         |            |           |          |      |                  |              |                   |              |
| AB16       |               |            | NC                           | Not Connected |             |         |            |      |                     |                      |         |            |           |          |      |                  |              |                   |              |
| AB17       |               |            | NC                           | Not Connected |             |         |            |      |                     |                      |         |            |           |          |      |                  |              |                   |              |
| AB18       |               | Dedicated  | VCCO_12                      | VCCO          |             |      12 |            |      |                     |                      |   any** |            |           |          |      |                  |              |                   |              |
| AB19       |               |            | NC                           | Not Connected |             |         |            |      |                     |                      |         |            |           |          |      |                  |              |                   |              |
| AB20       |               |            | NC                           | Not Connected |             |         |            |      |                     |                      |         |            |           |          |      |                  |              |                   |              |
| AB21       |               |            | NC                           | Not Connected |             |         |            |      |                     |                      |         |            |           |          |      |                  |              |                   |              |
| AB22       |               |            | NC                           | Not Connected |             |         |            |      |                     |                      |         |            |           |          |      |                  |              |                   |              |
| AB23       |               |            | GND                          | GND           |             |         |            |      |                     |                      |     0.0 |            |           |          |      |                  |              |                   |              |
| AB24       | FSMCommand[3] | High Range | IO_L9P_T1_DQS_13             | OUTPUT        | LVCMOS18*   |      13 |         12 | SLOW |                     |            FP_VTT_50 |         | UNFIXED    |           |          |      | NONE             |              |                   |              |
| AB25       | FSMState[1]   | High Range | IO_L7N_T1_13                 | OUTPUT        | LVCMOS18*   |      13 |         12 | SLOW |                     |            FP_VTT_50 |         | UNFIXED    |           |          |      | NONE             |              |                   |              |
| AB26       | reset         | High Range | IO_L3P_T0_DQS_13             | INPUT         | LVCMOS18*   |      13 |            |      |                     |                 NONE |         | UNFIXED    |           |          |      | NONE             |              |                   |              |
| AC1        |               |            | NC                           | Not Connected |             |         |            |      |                     |                      |         |            |           |          |      |                  |              |                   |              |
| AC2        |               |            | NC                           | Not Connected |             |         |            |      |                     |                      |         |            |           |          |      |                  |              |                   |              |
| AC3        |               |            | NC                           | Not Connected |             |         |            |      |                     |                      |         |            |           |          |      |                  |              |                   |              |
| AC4        |               |            | NC                           | Not Connected |             |         |            |      |                     |                      |         |            |           |          |      |                  |              |                   |              |
| AC5        |               | Dedicated  | VCCO_33                      | VCCO          |             |      33 |            |      |                     |                      |   any** |            |           |          |      |                  |              |                   |              |
| AC6        |               |            | NC                           | Not Connected |             |         |            |      |                     |                      |         |            |           |          |      |                  |              |                   |              |
| AC7        |               |            | GND                          | GND           |             |         |            |      |                     |                      |     0.0 |            |           |          |      |                  |              |                   |              |
| AC8        |               |            | MGTPTXP2_213                 | Gigabit       |             |         |            |      |                     |                      |         |            |           |          |      |                  |              |                   |              |
| AC9        |               |            | MGTAVCC_G10                  | Gigabit Power |             |         |            |      |                     |                      |         |            |           |          |      |                  |              |                   |              |
| AC10       |               |            | MGTPTXP0_213                 | Gigabit       |             |         |            |      |                     |                      |         |            |           |          |      |                  |              |                   |              |
| AC11       |               |            | MGTAVCC_G10                  | Gigabit Power |             |         |            |      |                     |                      |         |            |           |          |      |                  |              |                   |              |
| AC12       |               |            | MGTPRXP0_213                 | Gigabit       |             |         |            |      |                     |                      |         |            |           |          |      |                  |              |                   |              |
| AC13       |               |            | MGTAVCC_G10                  | Gigabit Power |             |         |            |      |                     |                      |         |            |           |          |      |                  |              |                   |              |
| AC14       |               |            | MGTPRXP2_213                 | Gigabit       |             |         |            |      |                     |                      |         |            |           |          |      |                  |              |                   |              |
| AC15       |               |            | GND                          | GND           |             |         |            |      |                     |                      |     0.0 |            |           |          |      |                  |              |                   |              |
| AC16       |               |            | NC                           | Not Connected |             |         |            |      |                     |                      |         |            |           |          |      |                  |              |                   |              |
| AC17       |               |            | NC                           | Not Connected |             |         |            |      |                     |                      |         |            |           |          |      |                  |              |                   |              |
| AC18       |               |            | NC                           | Not Connected |             |         |            |      |                     |                      |         |            |           |          |      |                  |              |                   |              |
| AC19       |               |            | NC                           | Not Connected |             |         |            |      |                     |                      |         |            |           |          |      |                  |              |                   |              |
| AC20       |               |            | GND                          | GND           |             |         |            |      |                     |                      |     0.0 |            |           |          |      |                  |              |                   |              |
| AC21       |               |            | NC                           | Not Connected |             |         |            |      |                     |                      |         |            |           |          |      |                  |              |                   |              |
| AC22       |               |            | NC                           | Not Connected |             |         |            |      |                     |                      |         |            |           |          |      |                  |              |                   |              |
| AC23       |               |            | NC                           | Not Connected |             |         |            |      |                     |                      |         |            |           |          |      |                  |              |                   |              |
| AC24       | FSMCommand[2] | High Range | IO_L9N_T1_DQS_13             | OUTPUT        | LVCMOS18*   |      13 |         12 | SLOW |                     |            FP_VTT_50 |         | UNFIXED    |           |          |      | NONE             |              |                   |              |
| AC25       |               | High Range | VCCO_13                      | VCCO          |             |      13 |            |      |                     |                      |    1.80 |            |           |          |      |                  |              |                   |              |
| AC26       | busType[2]    | High Range | IO_L3N_T0_DQS_13             | INPUT         | LVCMOS18*   |      13 |            |      |                     |                 NONE |         | UNFIXED    |           |          |      | NONE             |              |                   |              |
| AD1        |               |            | NC                           | Not Connected |             |         |            |      |                     |                      |         |            |           |          |      |                  |              |                   |              |
| AD2        |               | Dedicated  | VCCO_33                      | VCCO          |             |      33 |            |      |                     |                      |   any** |            |           |          |      |                  |              |                   |              |
| AD3        |               |            | NC                           | Not Connected |             |         |            |      |                     |                      |         |            |           |          |      |                  |              |                   |              |
| AD4        |               |            | NC                           | Not Connected |             |         |            |      |                     |                      |         |            |           |          |      |                  |              |                   |              |
| AD5        |               |            | NC                           | Not Connected |             |         |            |      |                     |                      |         |            |           |          |      |                  |              |                   |              |
| AD6        |               |            | GND                          | GND           |             |         |            |      |                     |                      |     0.0 |            |           |          |      |                  |              |                   |              |
| AD7        |               |            | MGTAVTT_G10                  | Gigabit Power |             |         |            |      |                     |                      |         |            |           |          |      |                  |              |                   |              |
| AD8        |               |            | MGTPTXN2_213                 | Gigabit       |             |         |            |      |                     |                      |         |            |           |          |      |                  |              |                   |              |
| AD9        |               |            | GND                          | GND           |             |         |            |      |                     |                      |     0.0 |            |           |          |      |                  |              |                   |              |
| AD10       |               |            | MGTPTXN0_213                 | Gigabit       |             |         |            |      |                     |                      |         |            |           |          |      |                  |              |                   |              |
| AD11       |               |            | GND                          | GND           |             |         |            |      |                     |                      |     0.0 |            |           |          |      |                  |              |                   |              |
| AD12       |               |            | MGTPRXN0_213                 | Gigabit       |             |         |            |      |                     |                      |         |            |           |          |      |                  |              |                   |              |
| AD13       |               |            | GND                          | GND           |             |         |            |      |                     |                      |     0.0 |            |           |          |      |                  |              |                   |              |
| AD14       |               |            | MGTPRXN2_213                 | Gigabit       |             |         |            |      |                     |                      |         |            |           |          |      |                  |              |                   |              |
| AD15       |               |            | MGTAVTT_G10                  | Gigabit Power |             |         |            |      |                     |                      |         |            |           |          |      |                  |              |                   |              |
| AD16       |               |            | GND                          | GND           |             |         |            |      |                     |                      |     0.0 |            |           |          |      |                  |              |                   |              |
| AD17       |               |            | NC                           | Not Connected |             |         |            |      |                     |                      |         |            |           |          |      |                  |              |                   |              |
| AD18       |               |            | NC                           | Not Connected |             |         |            |      |                     |                      |         |            |           |          |      |                  |              |                   |              |
| AD19       |               |            | NC                           | Not Connected |             |         |            |      |                     |                      |         |            |           |          |      |                  |              |                   |              |
| AD20       |               |            | NC                           | Not Connected |             |         |            |      |                     |                      |         |            |           |          |      |                  |              |                   |              |
| AD21       |               |            | NC                           | Not Connected |             |         |            |      |                     |                      |         |            |           |          |      |                  |              |                   |              |
| AD22       |               | Dedicated  | VCCO_12                      | VCCO          |             |      12 |            |      |                     |                      |   any** |            |           |          |      |                  |              |                   |              |
| AD23       |               |            | NC                           | Not Connected |             |         |            |      |                     |                      |         |            |           |          |      |                  |              |                   |              |
| AD24       |               |            | NC                           | Not Connected |             |         |            |      |                     |                      |         |            |           |          |      |                  |              |                   |              |
| AD25       |               |            | NC                           | Not Connected |             |         |            |      |                     |                      |         |            |           |          |      |                  |              |                   |              |
| AD26       |               |            | NC                           | Not Connected |             |         |            |      |                     |                      |         |            |           |          |      |                  |              |                   |              |
| AE1        |               |            | NC                           | Not Connected |             |         |            |      |                     |                      |         |            |           |          |      |                  |              |                   |              |
| AE2        |               |            | NC                           | Not Connected |             |         |            |      |                     |                      |         |            |           |          |      |                  |              |                   |              |
| AE3        |               |            | NC                           | Not Connected |             |         |            |      |                     |                      |         |            |           |          |      |                  |              |                   |              |
| AE4        |               |            | GND                          | GND           |             |         |            |      |                     |                      |     0.0 |            |           |          |      |                  |              |                   |              |
| AE5        |               |            | NC                           | Not Connected |             |         |            |      |                     |                      |         |            |           |          |      |                  |              |                   |              |
| AE6        |               |            | GND                          | GND           |             |         |            |      |                     |                      |     0.0 |            |           |          |      |                  |              |                   |              |
| AE7        |               |            | MGTPTXP3_213                 | Gigabit       |             |         |            |      |                     |                      |         |            |           |          |      |                  |              |                   |              |
| AE8        |               |            | MGTAVTT_G10                  | Gigabit Power |             |         |            |      |                     |                      |         |            |           |          |      |                  |              |                   |              |
| AE9        |               |            | MGTPTXP1_213                 | Gigabit       |             |         |            |      |                     |                      |         |            |           |          |      |                  |              |                   |              |
| AE10       |               |            | MGTAVTT_G10                  | Gigabit Power |             |         |            |      |                     |                      |         |            |           |          |      |                  |              |                   |              |
| AE11       |               |            | MGTPRXP3_213                 | Gigabit       |             |         |            |      |                     |                      |         |            |           |          |      |                  |              |                   |              |
| AE12       |               |            | MGTAVTT_G10                  | Gigabit Power |             |         |            |      |                     |                      |         |            |           |          |      |                  |              |                   |              |
| AE13       |               |            | MGTPRXP1_213                 | Gigabit       |             |         |            |      |                     |                      |         |            |           |          |      |                  |              |                   |              |
| AE14       |               |            | MGTAVTT_G10                  | Gigabit Power |             |         |            |      |                     |                      |         |            |           |          |      |                  |              |                   |              |
| AE15       |               |            | GND                          | GND           |             |         |            |      |                     |                      |     0.0 |            |           |          |      |                  |              |                   |              |
| AE16       |               | Dedicated  | PROGRAM_B_0                  | Config        |             |       0 |            |      |                     |                      |         |            |           |          |      |                  |              |                   |              |
| AE17       |               |            | NC                           | Not Connected |             |         |            |      |                     |                      |         |            |           |          |      |                  |              |                   |              |
| AE18       |               |            | NC                           | Not Connected |             |         |            |      |                     |                      |         |            |           |          |      |                  |              |                   |              |
| AE19       |               | Dedicated  | VCCO_12                      | VCCO          |             |      12 |            |      |                     |                      |   any** |            |           |          |      |                  |              |                   |              |
| AE20       |               |            | NC                           | Not Connected |             |         |            |      |                     |                      |         |            |           |          |      |                  |              |                   |              |
| AE21       |               |            | NC                           | Not Connected |             |         |            |      |                     |                      |         |            |           |          |      |                  |              |                   |              |
| AE22       |               |            | NC                           | Not Connected |             |         |            |      |                     |                      |         |            |           |          |      |                  |              |                   |              |
| AE23       |               |            | NC                           | Not Connected |             |         |            |      |                     |                      |         |            |           |          |      |                  |              |                   |              |
| AE24       |               |            | GND                          | GND           |             |         |            |      |                     |                      |     0.0 |            |           |          |      |                  |              |                   |              |
| AE25       |               |            | NC                           | Not Connected |             |         |            |      |                     |                      |         |            |           |          |      |                  |              |                   |              |
| AE26       |               |            | NC                           | Not Connected |             |         |            |      |                     |                      |         |            |           |          |      |                  |              |                   |              |
| AF1        |               |            | GND                          | GND           |             |         |            |      |                     |                      |     0.0 |            |           |          |      |                  |              |                   |              |
| AF2        |               |            | NC                           | Not Connected |             |         |            |      |                     |                      |         |            |           |          |      |                  |              |                   |              |
| AF3        |               |            | NC                           | Not Connected |             |         |            |      |                     |                      |         |            |           |          |      |                  |              |                   |              |
| AF4        |               |            | NC                           | Not Connected |             |         |            |      |                     |                      |         |            |           |          |      |                  |              |                   |              |
| AF5        |               |            | NC                           | Not Connected |             |         |            |      |                     |                      |         |            |           |          |      |                  |              |                   |              |
| AF6        |               |            | GND                          | GND           |             |         |            |      |                     |                      |     0.0 |            |           |          |      |                  |              |                   |              |
| AF7        |               |            | MGTPTXN3_213                 | Gigabit       |             |         |            |      |                     |                      |         |            |           |          |      |                  |              |                   |              |
| AF8        |               |            | GND                          | GND           |             |         |            |      |                     |                      |     0.0 |            |           |          |      |                  |              |                   |              |
| AF9        |               |            | MGTPTXN1_213                 | Gigabit       |             |         |            |      |                     |                      |         |            |           |          |      |                  |              |                   |              |
| AF10       |               |            | GND                          | GND           |             |         |            |      |                     |                      |     0.0 |            |           |          |      |                  |              |                   |              |
| AF11       |               |            | MGTPRXN3_213                 | Gigabit       |             |         |            |      |                     |                      |         |            |           |          |      |                  |              |                   |              |
| AF12       |               |            | GND                          | GND           |             |         |            |      |                     |                      |     0.0 |            |           |          |      |                  |              |                   |              |
| AF13       |               |            | MGTPRXN1_213                 | Gigabit       |             |         |            |      |                     |                      |         |            |           |          |      |                  |              |                   |              |
| AF14       |               |            | GND                          | GND           |             |         |            |      |                     |                      |     0.0 |            |           |          |      |                  |              |                   |              |
| AF15       |               |            | MGTRREF_213                  | Gigabit       |             |         |            |      |                     |                      |         |            |           |          |      |                  |              |                   |              |
| AF16       |               |            | GND                          | GND           |             |         |            |      |                     |                      |     0.0 |            |           |          |      |                  |              |                   |              |
| AF17       |               |            | NC                           | Not Connected |             |         |            |      |                     |                      |         |            |           |          |      |                  |              |                   |              |
| AF18       |               |            | NC                           | Not Connected |             |         |            |      |                     |                      |         |            |           |          |      |                  |              |                   |              |
| AF19       |               |            | NC                           | Not Connected |             |         |            |      |                     |                      |         |            |           |          |      |                  |              |                   |              |
| AF20       |               |            | NC                           | Not Connected |             |         |            |      |                     |                      |         |            |           |          |      |                  |              |                   |              |
| AF21       |               |            | GND                          | GND           |             |         |            |      |                     |                      |     0.0 |            |           |          |      |                  |              |                   |              |
| AF22       |               |            | NC                           | Not Connected |             |         |            |      |                     |                      |         |            |           |          |      |                  |              |                   |              |
| AF23       |               |            | NC                           | Not Connected |             |         |            |      |                     |                      |         |            |           |          |      |                  |              |                   |              |
| AF24       |               |            | NC                           | Not Connected |             |         |            |      |                     |                      |         |            |           |          |      |                  |              |                   |              |
| AF25       |               |            | NC                           | Not Connected |             |         |            |      |                     |                      |         |            |           |          |      |                  |              |                   |              |
| AF26       |               | Dedicated  | VCCO_12                      | VCCO          |             |      12 |            |      |                     |                      |   any** |            |           |          |      |                  |              |                   |              |
| B1         | busOUT[85]    | High Range | IO_L21N_T3_DQS_35            | TRISTATE      | LVCMOS18*   |      35 |         12 | SLOW |                     |            FP_VTT_50 |         | UNFIXED    |           |          |      | NONE             |              |                   |              |
| B2         | busOUT[89]    | High Range | IO_L19N_T3_VREF_35           | TRISTATE      | LVCMOS18*   |      35 |         12 | SLOW |                     |            FP_VTT_50 |         | UNFIXED    |           |          |      | NONE             |              |                   |              |
| B3         |               |            | GND                          | GND           |             |         |            |      |                     |                      |     0.0 |            |           |          |      |                  |              |                   |              |
| B4         | busOUT[96]    | High Range | IO_L16P_T2_35                | TRISTATE      | LVCMOS18*   |      35 |         12 | SLOW |                     |            FP_VTT_50 |         | UNFIXED    |           |          |      | NONE             |              |                   |              |
| B5         | busOUT[98]    | High Range | IO_L15P_T2_DQS_35            | TRISTATE      | LVCMOS18*   |      35 |         12 | SLOW |                     |            FP_VTT_50 |         | UNFIXED    |           |          |      | NONE             |              |                   |              |
| B6         |               |            | GND                          | GND           |             |         |            |      |                     |                      |     0.0 |            |           |          |      |                  |              |                   |              |
| B7         |               |            | MGTPTXP0_216                 | Gigabit       |             |         |            |      |                     |                      |         |            |           |          |      |                  |              |                   |              |
| B8         |               |            | MGTAVTT_G11                  | Gigabit Power |             |         |            |      |                     |                      |         |            |           |          |      |                  |              |                   |              |
| B9         |               |            | MGTPTXP2_216                 | Gigabit       |             |         |            |      |                     |                      |         |            |           |          |      |                  |              |                   |              |
| B10        |               |            | MGTAVTT_G11                  | Gigabit Power |             |         |            |      |                     |                      |         |            |           |          |      |                  |              |                   |              |
| B11        |               |            | MGTPRXP0_216                 | Gigabit       |             |         |            |      |                     |                      |         |            |           |          |      |                  |              |                   |              |
| B12        |               |            | MGTAVTT_G11                  | Gigabit Power |             |         |            |      |                     |                      |         |            |           |          |      |                  |              |                   |              |
| B13        |               |            | MGTPRXP2_216                 | Gigabit       |             |         |            |      |                     |                      |         |            |           |          |      |                  |              |                   |              |
| B14        |               |            | MGTAVTT_G11                  | Gigabit Power |             |         |            |      |                     |                      |         |            |           |          |      |                  |              |                   |              |
| B15        |               |            | GND                          | GND           |             |         |            |      |                     |                      |     0.0 |            |           |          |      |                  |              |                   |              |
| B16        |               |            | GND                          | GND           |             |         |            |      |                     |                      |     0.0 |            |           |          |      |                  |              |                   |              |
| B17        | busIN[35]     | High Range | IO_L7N_T1_16                 | INPUT         | LVCMOS18*   |      16 |            |      |                     |                 NONE |         | UNFIXED    |           |          |      | NONE             |              |                   |              |
| B18        |               | High Range | VCCO_16                      | VCCO          |             |      16 |            |      |                     |                      |    1.80 |            |           |          |      |                  |              |                   |              |
| B19        | busIN[30]     | High Range | IO_L10P_T1_16                | INPUT         | LVCMOS18*   |      16 |            |      |                     |                 NONE |         | UNFIXED    |           |          |      | NONE             |              |                   |              |
| B20        | busIN[20]     | High Range | IO_L15P_T2_DQS_16            | INPUT         | LVCMOS18*   |      16 |            |      |                     |                 NONE |         | UNFIXED    |           |          |      | NONE             |              |                   |              |
| B21        | busIN[17]     | High Range | IO_L16N_T2_16                | INPUT         | LVCMOS18*   |      16 |            |      |                     |                 NONE |         | UNFIXED    |           |          |      | NONE             |              |                   |              |
| B22        | busIN[16]     | High Range | IO_L17P_T2_16                | INPUT         | LVCMOS18*   |      16 |            |      |                     |                 NONE |         | UNFIXED    |           |          |      | NONE             |              |                   |              |
| B23        |               |            | GND                          | GND           |             |         |            |      |                     |                      |     0.0 |            |           |          |      |                  |              |                   |              |
| B24        | busIN[3]      | High Range | IO_L23N_T3_16                | INPUT         | LVCMOS18*   |      16 |            |      |                     |                 NONE |         | UNFIXED    |           |          |      | NONE             |              |                   |              |
| B25        | busIN[10]     | High Range | IO_L20P_T3_16                | INPUT         | LVCMOS18*   |      16 |            |      |                     |                 NONE |         | UNFIXED    |           |          |      | NONE             |              |                   |              |
| B26        | busIN[5]      | High Range | IO_L22N_T3_16                | INPUT         | LVCMOS18*   |      16 |            |      |                     |                 NONE |         | UNFIXED    |           |          |      | NONE             |              |                   |              |
| C1         | busOUT[86]    | High Range | IO_L21P_T3_DQS_35            | TRISTATE      | LVCMOS18*   |      35 |         12 | SLOW |                     |            FP_VTT_50 |         | UNFIXED    |           |          |      | NONE             |              |                   |              |
| C2         | busOUT[90]    | High Range | IO_L19P_T3_35                | TRISTATE      | LVCMOS18*   |      35 |         12 | SLOW |                     |            FP_VTT_50 |         | UNFIXED    |           |          |      | NONE             |              |                   |              |
| C3         | busOUT[93]    | High Range | IO_L17N_T2_35                | TRISTATE      | LVCMOS18*   |      35 |         12 | SLOW |                     |            FP_VTT_50 |         | UNFIXED    |           |          |      | NONE             |              |                   |              |
| C4         | busOUT[99]    | High Range | IO_L14N_T2_SRCC_35           | TRISTATE      | LVCMOS18*   |      35 |         12 | SLOW |                     |            FP_VTT_50 |         | UNFIXED    |           |          |      | NONE             |              |                   |              |
| C5         |               | High Range | VCCO_35                      | VCCO          |             |      35 |            |      |                     |                      |    1.80 |            |           |          |      |                  |              |                   |              |
| C6         |               |            | GND                          | GND           |             |         |            |      |                     |                      |     0.0 |            |           |          |      |                  |              |                   |              |
| C7         |               |            | MGTAVTT_G11                  | Gigabit Power |             |         |            |      |                     |                      |         |            |           |          |      |                  |              |                   |              |
| C8         |               |            | MGTPTXN1_216                 | Gigabit       |             |         |            |      |                     |                      |         |            |           |          |      |                  |              |                   |              |
| C9         |               |            | GND                          | GND           |             |         |            |      |                     |                      |     0.0 |            |           |          |      |                  |              |                   |              |
| C10        |               |            | MGTPTXN3_216                 | Gigabit       |             |         |            |      |                     |                      |         |            |           |          |      |                  |              |                   |              |
| C11        |               |            | GND                          | GND           |             |         |            |      |                     |                      |     0.0 |            |           |          |      |                  |              |                   |              |
| C12        |               |            | MGTPRXN3_216                 | Gigabit       |             |         |            |      |                     |                      |         |            |           |          |      |                  |              |                   |              |
| C13        |               |            | GND                          | GND           |             |         |            |      |                     |                      |     0.0 |            |           |          |      |                  |              |                   |              |
| C14        |               |            | MGTPRXN1_216                 | Gigabit       |             |         |            |      |                     |                      |         |            |           |          |      |                  |              |                   |              |
| C15        |               |            | MGTAVTT_G11                  | Gigabit Power |             |         |            |      |                     |                      |         |            |           |          |      |                  |              |                   |              |
| C16        |               |            | GND                          | GND           |             |         |            |      |                     |                      |     0.0 |            |           |          |      |                  |              |                   |              |
| C17        | busIN[36]     | High Range | IO_L7P_T1_16                 | INPUT         | LVCMOS18*   |      16 |            |      |                     |                 NONE |         | UNFIXED    |           |          |      | NONE             |              |                   |              |
| C18        | busIN[25]     | High Range | IO_L12N_T1_MRCC_16           | INPUT         | LVCMOS18*   |      16 |            |      |                     |                 NONE |         | UNFIXED    |           |          |      | NONE             |              |                   |              |
| C19        | busIN[23]     | High Range | IO_L13N_T2_MRCC_16           | INPUT         | LVCMOS18*   |      16 |            |      |                     |                 NONE |         | UNFIXED    |           |          |      | NONE             |              |                   |              |
| C20        |               |            | GND                          | GND           |             |         |            |      |                     |                      |     0.0 |            |           |          |      |                  |              |                   |              |
| C21        | busIN[18]     | High Range | IO_L16P_T2_16                | INPUT         | LVCMOS18*   |      16 |            |      |                     |                 NONE |         | UNFIXED    |           |          |      | NONE             |              |                   |              |
| C22        | busIN[12]     | High Range | IO_L19P_T3_16                | INPUT         | LVCMOS18*   |      16 |            |      |                     |                 NONE |         | UNFIXED    |           |          |      | NONE             |              |                   |              |
| C23        | busIN[11]     | High Range | IO_L19N_T3_VREF_16           | INPUT         | LVCMOS18*   |      16 |            |      |                     |                 NONE |         | UNFIXED    |           |          |      | NONE             |              |                   |              |
| C24        | busIN[4]      | High Range | IO_L23P_T3_16                | INPUT         | LVCMOS18*   |      16 |            |      |                     |                 NONE |         | UNFIXED    |           |          |      | NONE             |              |                   |              |
| C25        |               | High Range | VCCO_16                      | VCCO          |             |      16 |            |      |                     |                      |    1.80 |            |           |          |      |                  |              |                   |              |
| C26        | busIN[6]      | High Range | IO_L22P_T3_16                | INPUT         | LVCMOS18*   |      16 |            |      |                     |                 NONE |         | UNFIXED    |           |          |      | NONE             |              |                   |              |
| D1         | busOUT[81]    | High Range | IO_L23N_T3_35                | TRISTATE      | LVCMOS18*   |      35 |         12 | SLOW |                     |            FP_VTT_50 |         | UNFIXED    |           |          |      | NONE             |              |                   |              |
| D2         |               | High Range | VCCO_35                      | VCCO          |             |      35 |            |      |                     |                      |    1.80 |            |           |          |      |                  |              |                   |              |
| D3         | busOUT[94]    | High Range | IO_L17P_T2_35                | TRISTATE      | LVCMOS18*   |      35 |         12 | SLOW |                     |            FP_VTT_50 |         | UNFIXED    |           |          |      | NONE             |              |                   |              |
| D4         | busOUT[100]   | High Range | IO_L14P_T2_SRCC_35           | TRISTATE      | LVCMOS18*   |      35 |         12 | SLOW |                     |            FP_VTT_50 |         | UNFIXED    |           |          |      | NONE             |              |                   |              |
| D5         | busOUT[101]   | High Range | IO_L13N_T2_MRCC_35           | TRISTATE      | LVCMOS18*   |      35 |         12 | SLOW |                     |            FP_VTT_50 |         | UNFIXED    |           |          |      | NONE             |              |                   |              |
| D6         | busOUT[125]   | High Range | IO_L1N_T0_AD4N_35            | TRISTATE      | LVCMOS18*   |      35 |         12 | SLOW |                     |            FP_VTT_50 |         | UNFIXED    |           |          |      | NONE             |              |                   |              |
| D7         |               |            | GND                          | GND           |             |         |            |      |                     |                      |     0.0 |            |           |          |      |                  |              |                   |              |
| D8         |               |            | MGTPTXP1_216                 | Gigabit       |             |         |            |      |                     |                      |         |            |           |          |      |                  |              |                   |              |
| D9         |               |            | MGTAVCC_G11                  | Gigabit Power |             |         |            |      |                     |                      |         |            |           |          |      |                  |              |                   |              |
| D10        |               |            | MGTPTXP3_216                 | Gigabit       |             |         |            |      |                     |                      |         |            |           |          |      |                  |              |                   |              |
| D11        |               |            | MGTAVCC_G11                  | Gigabit Power |             |         |            |      |                     |                      |         |            |           |          |      |                  |              |                   |              |
| D12        |               |            | MGTPRXP3_216                 | Gigabit       |             |         |            |      |                     |                      |         |            |           |          |      |                  |              |                   |              |
| D13        |               |            | MGTAVCC_G11                  | Gigabit Power |             |         |            |      |                     |                      |         |            |           |          |      |                  |              |                   |              |
| D14        |               |            | MGTPRXP1_216                 | Gigabit       |             |         |            |      |                     |                      |         |            |           |          |      |                  |              |                   |              |
| D15        |               |            | GND                          | GND           |             |         |            |      |                     |                      |     0.0 |            |           |          |      |                  |              |                   |              |
| D16        | busIN[33]     | High Range | IO_L8N_T1_16                 | INPUT         | LVCMOS18*   |      16 |            |      |                     |                 NONE |         | UNFIXED    |           |          |      | NONE             |              |                   |              |
| D17        |               |            | GND                          | GND           |             |         |            |      |                     |                      |     0.0 |            |           |          |      |                  |              |                   |              |
| D18        | busIN[26]     | High Range | IO_L12P_T1_MRCC_16           | INPUT         | LVCMOS18*   |      16 |            |      |                     |                 NONE |         | UNFIXED    |           |          |      | NONE             |              |                   |              |
| D19        | busIN[24]     | High Range | IO_L13P_T2_MRCC_16           | INPUT         | LVCMOS18*   |      16 |            |      |                     |                 NONE |         | UNFIXED    |           |          |      | NONE             |              |                   |              |
| D20        | busIN[21]     | High Range | IO_L14N_T2_SRCC_16           | INPUT         | LVCMOS18*   |      16 |            |      |                     |                 NONE |         | UNFIXED    |           |          |      | NONE             |              |                   |              |
| D21        | busIN[13]     | High Range | IO_L18N_T2_16                | INPUT         | LVCMOS18*   |      16 |            |      |                     |                 NONE |         | UNFIXED    |           |          |      | NONE             |              |                   |              |
| D22        |               | High Range | VCCO_16                      | VCCO          |             |      16 |            |      |                     |                      |    1.80 |            |           |          |      |                  |              |                   |              |
| D23        | busIN[2]      | High Range | IO_L24P_T3_16                | INPUT         | LVCMOS18*   |      16 |            |      |                     |                 NONE |         | UNFIXED    |           |          |      | NONE             |              |                   |              |
| D24        | busIN[1]      | High Range | IO_L24N_T3_16                | INPUT         | LVCMOS18*   |      16 |            |      |                     |                 NONE |         | UNFIXED    |           |          |      | NONE             |              |                   |              |
| D25        | busIN[87]     | High Range | IO_L20N_T3_A19_15            | INPUT         | LVCMOS18*   |      15 |            |      |                     |                 NONE |         | UNFIXED    |           |          |      | NONE             |              |                   |              |
| D26        | busIN[85]     | High Range | IO_L21N_T3_DQS_A18_15        | INPUT         | LVCMOS18*   |      15 |            |      |                     |                 NONE |         | UNFIXED    |           |          |      | NONE             |              |                   |              |
| E1         | busOUT[82]    | High Range | IO_L23P_T3_35                | TRISTATE      | LVCMOS18*   |      35 |         12 | SLOW |                     |            FP_VTT_50 |         | UNFIXED    |           |          |      | NONE             |              |                   |              |
| E2         | busOUT[83]    | High Range | IO_L22N_T3_35                | TRISTATE      | LVCMOS18*   |      35 |         12 | SLOW |                     |            FP_VTT_50 |         | UNFIXED    |           |          |      | NONE             |              |                   |              |
| E3         | busOUT[91]    | High Range | IO_L18N_T2_35                | TRISTATE      | LVCMOS18*   |      35 |         12 | SLOW |                     |            FP_VTT_50 |         | UNFIXED    |           |          |      | NONE             |              |                   |              |
| E4         |               |            | GND                          | GND           |             |         |            |      |                     |                      |     0.0 |            |           |          |      |                  |              |                   |              |
| E5         | busOUT[102]   | High Range | IO_L13P_T2_MRCC_35           | TRISTATE      | LVCMOS18*   |      35 |         12 | SLOW |                     |            FP_VTT_50 |         | UNFIXED    |           |          |      | NONE             |              |                   |              |
| E6         | busOUT[126]   | High Range | IO_L1P_T0_AD4P_35            | TRISTATE      | LVCMOS18*   |      35 |         12 | SLOW |                     |            FP_VTT_50 |         | UNFIXED    |           |          |      | NONE             |              |                   |              |
| E7         |               |            | GND                          | GND           |             |         |            |      |                     |                      |     0.0 |            |           |          |      |                  |              |                   |              |
| E8         |               |            | GND                          | GND           |             |         |            |      |                     |                      |     0.0 |            |           |          |      |                  |              |                   |              |
| E9         |               |            | GND                          | GND           |             |         |            |      |                     |                      |     0.0 |            |           |          |      |                  |              |                   |              |
| E10        |               |            | GND                          | GND           |             |         |            |      |                     |                      |     0.0 |            |           |          |      |                  |              |                   |              |
| E11        |               |            | MGTREFCLK0N_216              | Gigabit       |             |         |            |      |                     |                      |         |            |           |          |      |                  |              |                   |              |
| E12        |               |            | GND                          | GND           |             |         |            |      |                     |                      |     0.0 |            |           |          |      |                  |              |                   |              |
| E13        |               |            | MGTREFCLK1N_216              | Gigabit       |             |         |            |      |                     |                      |         |            |           |          |      |                  |              |                   |              |
| E14        |               |            | GND                          | GND           |             |         |            |      |                     |                      |     0.0 |            |           |          |      |                  |              |                   |              |
| E15        |               |            | GND                          | GND           |             |         |            |      |                     |                      |     0.0 |            |           |          |      |                  |              |                   |              |
| E16        | busIN[34]     | High Range | IO_L8P_T1_16                 | INPUT         | LVCMOS18*   |      16 |            |      |                     |                 NONE |         | UNFIXED    |           |          |      | NONE             |              |                   |              |
| E17        | busIN[28]     | High Range | IO_L11P_T1_SRCC_16           | INPUT         | LVCMOS18*   |      16 |            |      |                     |                 NONE |         | UNFIXED    |           |          |      | NONE             |              |                   |              |
| E18        | busIN[27]     | High Range | IO_L11N_T1_SRCC_16           | INPUT         | LVCMOS18*   |      16 |            |      |                     |                 NONE |         | UNFIXED    |           |          |      | NONE             |              |                   |              |
| E19        |               | High Range | VCCO_16                      | VCCO          |             |      16 |            |      |                     |                      |    1.80 |            |           |          |      |                  |              |                   |              |
| E20        | busIN[22]     | High Range | IO_L14P_T2_SRCC_16           | INPUT         | LVCMOS18*   |      16 |            |      |                     |                 NONE |         | UNFIXED    |           |          |      | NONE             |              |                   |              |
| E21        | busIN[14]     | High Range | IO_L18P_T2_16                | INPUT         | LVCMOS18*   |      16 |            |      |                     |                 NONE |         | UNFIXED    |           |          |      | NONE             |              |                   |              |
| E22        | busIN[0]      | High Range | IO_25_16                     | INPUT         | LVCMOS18*   |      16 |            |      |                     |                 NONE |         | UNFIXED    |           |          |      | NONE             |              |                   |              |
| E23        | busIN[93]     | High Range | IO_L17N_T2_A25_15            | INPUT         | LVCMOS18*   |      15 |            |      |                     |                 NONE |         | UNFIXED    |           |          |      | NONE             |              |                   |              |
| E24        |               |            | GND                          | GND           |             |         |            |      |                     |                      |     0.0 |            |           |          |      |                  |              |                   |              |
| E25        | busIN[88]     | High Range | IO_L20P_T3_A20_15            | INPUT         | LVCMOS18*   |      15 |            |      |                     |                 NONE |         | UNFIXED    |           |          |      | NONE             |              |                   |              |
| E26        | busIN[86]     | High Range | IO_L21P_T3_DQS_15            | INPUT         | LVCMOS18*   |      15 |            |      |                     |                 NONE |         | UNFIXED    |           |          |      | NONE             |              |                   |              |
| F1         |               |            | GND                          | GND           |             |         |            |      |                     |                      |     0.0 |            |           |          |      |                  |              |                   |              |
| F2         | busOUT[84]    | High Range | IO_L22P_T3_35                | TRISTATE      | LVCMOS18*   |      35 |         12 | SLOW |                     |            FP_VTT_50 |         | UNFIXED    |           |          |      | NONE             |              |                   |              |
| F3         | busOUT[92]    | High Range | IO_L18P_T2_35                | TRISTATE      | LVCMOS18*   |      35 |         12 | SLOW |                     |            FP_VTT_50 |         | UNFIXED    |           |          |      | NONE             |              |                   |              |
| F4         | busOUT[105]   | High Range | IO_L11N_T1_SRCC_35           | TRISTATE      | LVCMOS18*   |      35 |         12 | SLOW |                     |            FP_VTT_50 |         | UNFIXED    |           |          |      | NONE             |              |                   |              |
| F5         | busOUT[103]   | High Range | IO_L12N_T1_MRCC_35           | TRISTATE      | LVCMOS18*   |      35 |         12 | SLOW |                     |            FP_VTT_50 |         | UNFIXED    |           |          |      | NONE             |              |                   |              |
| F6         |               | High Range | VCCO_35                      | VCCO          |             |      35 |            |      |                     |                      |    1.80 |            |           |          |      |                  |              |                   |              |
| F7         | busOUT[119]   | High Range | IO_L4N_T0_35                 | TRISTATE      | LVCMOS18*   |      35 |         12 | SLOW |                     |            FP_VTT_50 |         | UNFIXED    |           |          |      | NONE             |              |                   |              |
| F8         | busOUT[120]   | High Range | IO_L4P_T0_35                 | TRISTATE      | LVCMOS18*   |      35 |         12 | SLOW |                     |            FP_VTT_50 |         | UNFIXED    |           |          |      | NONE             |              |                   |              |
| F9         |               |            | GND                          | GND           |             |         |            |      |                     |                      |     0.0 |            |           |          |      |                  |              |                   |              |
| F10        |               |            | MGTAVCC_G11                  | Gigabit Power |             |         |            |      |                     |                      |         |            |           |          |      |                  |              |                   |              |
| F11        |               |            | MGTREFCLK0P_216              | Gigabit       |             |         |            |      |                     |                      |         |            |           |          |      |                  |              |                   |              |
| F12        |               |            | MGTAVCC_G11                  | Gigabit Power |             |         |            |      |                     |                      |         |            |           |          |      |                  |              |                   |              |
| F13        |               |            | MGTREFCLK1P_216              | Gigabit       |             |         |            |      |                     |                      |         |            |           |          |      |                  |              |                   |              |
| F14        |               |            | GND                          | GND           |             |         |            |      |                     |                      |     0.0 |            |           |          |      |                  |              |                   |              |
| F15        | busIN[41]     | High Range | IO_L4N_T0_16                 | INPUT         | LVCMOS18*   |      16 |            |      |                     |                 NONE |         | UNFIXED    |           |          |      | NONE             |              |                   |              |
| F16        |               | High Range | VCCO_16                      | VCCO          |             |      16 |            |      |                     |                      |    1.80 |            |           |          |      |                  |              |                   |              |
| F17        | busIN[45]     | High Range | IO_L2N_T0_16                 | INPUT         | LVCMOS18*   |      16 |            |      |                     |                 NONE |         | UNFIXED    |           |          |      | NONE             |              |                   |              |
| F18        | busIN[44]     | High Range | IO_L3P_T0_DQS_16             | INPUT         | LVCMOS18*   |      16 |            |      |                     |                 NONE |         | UNFIXED    |           |          |      | NONE             |              |                   |              |
| F19        | busIN[43]     | High Range | IO_L3N_T0_DQS_16             | INPUT         | LVCMOS18*   |      16 |            |      |                     |                 NONE |         | UNFIXED    |           |          |      | NONE             |              |                   |              |
| F20        | busIN[39]     | High Range | IO_L5N_T0_16                 | INPUT         | LVCMOS18*   |      16 |            |      |                     |                 NONE |         | UNFIXED    |           |          |      | NONE             |              |                   |              |
| F21        |               |            | GND                          | GND           |             |         |            |      |                     |                      |     0.0 |            |           |          |      |                  |              |                   |              |
| F22        | busIN[97]     | High Range | IO_L15N_T2_DQS_ADV_B_15      | INPUT         | LVCMOS18*   |      15 |            |      |                     |                 NONE |         | UNFIXED    |           |          |      | NONE             |              |                   |              |
| F23        | busIN[94]     | High Range | IO_L17P_T2_A26_15            | INPUT         | LVCMOS18*   |      15 |            |      |                     |                 NONE |         | UNFIXED    |           |          |      | NONE             |              |                   |              |
| F24        | busIN[89]     | High Range | IO_L19N_T3_A21_VREF_15       | INPUT         | LVCMOS18*   |      15 |            |      |                     |                 NONE |         | UNFIXED    |           |          |      | NONE             |              |                   |              |
| F25        | busIN[81]     | High Range | IO_L23N_T3_FWE_B_15          | INPUT         | LVCMOS18*   |      15 |            |      |                     |                 NONE |         | UNFIXED    |           |          |      | NONE             |              |                   |              |
| F26        |               | High Range | VCCO_15                      | VCCO          |             |      15 |            |      |                     |                      |    1.80 |            |           |          |      |                  |              |                   |              |
| G1         | busOUT[79]    | High Range | IO_L24N_T3_35                | TRISTATE      | LVCMOS18*   |      35 |         12 | SLOW |                     |            FP_VTT_50 |         | UNFIXED    |           |          |      | NONE             |              |                   |              |
| G2         | busOUT[80]    | High Range | IO_L24P_T3_35                | TRISTATE      | LVCMOS18*   |      35 |         12 | SLOW |                     |            FP_VTT_50 |         | UNFIXED    |           |          |      | NONE             |              |                   |              |
| G3         |               | High Range | VCCO_35                      | VCCO          |             |      35 |            |      |                     |                      |    1.80 |            |           |          |      |                  |              |                   |              |
| G4         | busOUT[106]   | High Range | IO_L11P_T1_SRCC_35           | TRISTATE      | LVCMOS18*   |      35 |         12 | SLOW |                     |            FP_VTT_50 |         | UNFIXED    |           |          |      | NONE             |              |                   |              |
| G5         | busOUT[104]   | High Range | IO_L12P_T1_MRCC_35           | TRISTATE      | LVCMOS18*   |      35 |         12 | SLOW |                     |            FP_VTT_50 |         | UNFIXED    |           |          |      | NONE             |              |                   |              |
| G6         | busOUT[117]   | High Range | IO_L5N_T0_AD13N_35           | TRISTATE      | LVCMOS18*   |      35 |         12 | SLOW |                     |            FP_VTT_50 |         | UNFIXED    |           |          |      | NONE             |              |                   |              |
| G7         | busOUT[121]   | High Range | IO_L3N_T0_DQS_AD5N_35        | TRISTATE      | LVCMOS18*   |      35 |         12 | SLOW |                     |            FP_VTT_50 |         | UNFIXED    |           |          |      | NONE             |              |                   |              |
| G8         | busOUT[123]   | High Range | IO_L2N_T0_AD12N_35           | TRISTATE      | LVCMOS18*   |      35 |         12 | SLOW |                     |            FP_VTT_50 |         | UNFIXED    |           |          |      | NONE             |              |                   |              |
| G9         | busOUT[115]   | High Range | IO_L6N_T0_VREF_35            | TRISTATE      | LVCMOS18*   |      35 |         12 | SLOW |                     |            FP_VTT_50 |         | UNFIXED    |           |          |      | NONE             |              |                   |              |
| G10        |               |            | GND                          | GND           |             |         |            |      |                     |                      |     0.0 |            |           |          |      |                  |              |                   |              |
| G11        |               |            | GND                          | GND           |             |         |            |      |                     |                      |     0.0 |            |           |          |      |                  |              |                   |              |
| G12        |               |            | GND                          | GND           |             |         |            |      |                     |                      |     0.0 |            |           |          |      |                  |              |                   |              |
| G13        |               |            | GND                          | GND           |             |         |            |      |                     |                      |     0.0 |            |           |          |      |                  |              |                   |              |
| G14        |               | Dedicated  | VCCBATT_0                    | Config        |             |       0 |            |      |                     |                      |         |            |           |          |      |                  |              |                   |              |
| G15        | busIN[42]     | High Range | IO_L4P_T0_16                 | INPUT         | LVCMOS18*   |      16 |            |      |                     |                 NONE |         | UNFIXED    |           |          |      | NONE             |              |                   |              |
| G16        | busIN[37]     | High Range | IO_L6N_T0_VREF_16            | INPUT         | LVCMOS18*   |      16 |            |      |                     |                 NONE |         | UNFIXED    |           |          |      | NONE             |              |                   |              |
| G17        | busIN[46]     | High Range | IO_L2P_T0_16                 | INPUT         | LVCMOS18*   |      16 |            |      |                     |                 NONE |         | UNFIXED    |           |          |      | NONE             |              |                   |              |
| G18        |               |            | GND                          | GND           |             |         |            |      |                     |                      |     0.0 |            |           |          |      |                  |              |                   |              |
| G19        | busIN[40]     | High Range | IO_L5P_T0_16                 | INPUT         | LVCMOS18*   |      16 |            |      |                     |                 NONE |         | UNFIXED    |           |          |      | NONE             |              |                   |              |
| G20        | busIN[106]    | High Range | IO_L11P_T1_SRCC_15           | INPUT         | LVCMOS18*   |      15 |            |      |                     |                 NONE |         | UNFIXED    |           |          |      | NONE             |              |                   |              |
| G21        | busIN[105]    | High Range | IO_L11N_T1_SRCC_15           | INPUT         | LVCMOS18*   |      15 |            |      |                     |                 NONE |         | UNFIXED    |           |          |      | NONE             |              |                   |              |
| G22        | busIN[98]     | High Range | IO_L15P_T2_DQS_15            | INPUT         | LVCMOS18*   |      15 |            |      |                     |                 NONE |         | UNFIXED    |           |          |      | NONE             |              |                   |              |
| G23        |               | High Range | VCCO_15                      | VCCO          |             |      15 |            |      |                     |                      |    1.80 |            |           |          |      |                  |              |                   |              |
| G24        | busIN[90]     | High Range | IO_L19P_T3_A22_15            | INPUT         | LVCMOS18*   |      15 |            |      |                     |                 NONE |         | UNFIXED    |           |          |      | NONE             |              |                   |              |
| G25        | busIN[82]     | High Range | IO_L23P_T3_FOE_B_15          | INPUT         | LVCMOS18*   |      15 |            |      |                     |                 NONE |         | UNFIXED    |           |          |      | NONE             |              |                   |              |
| G26        | busIN[83]     | High Range | IO_L22N_T3_A16_15            | INPUT         | LVCMOS18*   |      15 |            |      |                     |                 NONE |         | UNFIXED    |           |          |      | NONE             |              |                   |              |
| H1         | busOUT[57]    | High Range | IO_L10N_T1_34                | TRISTATE      | LVCMOS18*   |      34 |         12 | SLOW |                     |            FP_VTT_50 |         | UNFIXED    |           |          |      | NONE             |              |                   |              |
| H2         | busOUT[58]    | High Range | IO_L10P_T1_34                | TRISTATE      | LVCMOS18*   |      34 |         12 | SLOW |                     |            FP_VTT_50 |         | UNFIXED    |           |          |      | NONE             |              |                   |              |
| H3         | busOUT[78]    | High Range | IO_25_35                     | TRISTATE      | LVCMOS18*   |      35 |         12 | SLOW |                     |            FP_VTT_50 |         | UNFIXED    |           |          |      | NONE             |              |                   |              |
| H4         | busOUT[109]   | High Range | IO_L9N_T1_DQS_AD7N_35        | TRISTATE      | LVCMOS18*   |      35 |         12 | SLOW |                     |            FP_VTT_50 |         | UNFIXED    |           |          |      | NONE             |              |                   |              |
| H5         |               |            | GND                          | GND           |             |         |            |      |                     |                      |     0.0 |            |           |          |      |                  |              |                   |              |
| H6         | busOUT[118]   | High Range | IO_L5P_T0_AD13P_35           | TRISTATE      | LVCMOS18*   |      35 |         12 | SLOW |                     |            FP_VTT_50 |         | UNFIXED    |           |          |      | NONE             |              |                   |              |
| H7         | busOUT[122]   | High Range | IO_L3P_T0_DQS_AD5P_35        | TRISTATE      | LVCMOS18*   |      35 |         12 | SLOW |                     |            FP_VTT_50 |         | UNFIXED    |           |          |      | NONE             |              |                   |              |
| H8         | busOUT[124]   | High Range | IO_L2P_T0_AD12P_35           | TRISTATE      | LVCMOS18*   |      35 |         12 | SLOW |                     |            FP_VTT_50 |         | UNFIXED    |           |          |      | NONE             |              |                   |              |
| H9         | busOUT[116]   | High Range | IO_L6P_T0_35                 | TRISTATE      | LVCMOS18*   |      35 |         12 | SLOW |                     |            FP_VTT_50 |         | UNFIXED    |           |          |      | NONE             |              |                   |              |
| H10        |               | Dedicated  | TDI_0                        | Config        |             |       0 |            |      |                     |                      |         |            |           |          |      |                  |              |                   |              |
| H11        |               | Dedicated  | TMS_0                        | Config        |             |       0 |            |      |                     |                      |         |            |           |          |      |                  |              |                   |              |
| H12        |               | Dedicated  | TCK_0                        | Config        |             |       0 |            |      |                     |                      |         |            |           |          |      |                  |              |                   |              |
| H13        |               | Dedicated  | CCLK_0                       | Config        |             |       0 |            |      |                     |                      |         |            |           |          |      |                  |              |                   |              |
| H14        | busIN[48]     | High Range | IO_L1P_T0_16                 | INPUT         | LVCMOS18*   |      16 |            |      |                     |                 NONE |         | UNFIXED    |           |          |      | NONE             |              |                   |              |
| H15        | busIN[47]     | High Range | IO_L1N_T0_16                 | INPUT         | LVCMOS18*   |      16 |            |      |                     |                 NONE |         | UNFIXED    |           |          |      | NONE             |              |                   |              |
| H16        | busIN[38]     | High Range | IO_L6P_T0_16                 | INPUT         | LVCMOS18*   |      16 |            |      |                     |                 NONE |         | UNFIXED    |           |          |      | NONE             |              |                   |              |
| H17        | busIN[49]     | High Range | IO_0_16                      | INPUT         | LVCMOS18*   |      16 |            |      |                     |                 NONE |         | UNFIXED    |           |          |      | NONE             |              |                   |              |
| H18        | busIN[107]    | High Range | IO_L10N_T1_AD11N_15          | INPUT         | LVCMOS18*   |      15 |            |      |                     |                 NONE |         | UNFIXED    |           |          |      | NONE             |              |                   |              |
| H19        | busIN[113]    | High Range | IO_L7N_T1_AD2N_15            | INPUT         | LVCMOS18*   |      15 |            |      |                     |                 NONE |         | UNFIXED    |           |          |      | NONE             |              |                   |              |
| H20        |               | High Range | VCCO_15                      | VCCO          |             |      15 |            |      |                     |                      |    1.80 |            |           |          |      |                  |              |                   |              |
| H21        | busIN[102]    | High Range | IO_L13P_T2_MRCC_15           | INPUT         | LVCMOS18*   |      15 |            |      |                     |                 NONE |         | UNFIXED    |           |          |      | NONE             |              |                   |              |
| H22        | busIN[101]    | High Range | IO_L13N_T2_MRCC_15           | INPUT         | LVCMOS18*   |      15 |            |      |                     |                 NONE |         | UNFIXED    |           |          |      | NONE             |              |                   |              |
| H23        | busIN[99]     | High Range | IO_L14N_T2_SRCC_15           | INPUT         | LVCMOS18*   |      15 |            |      |                     |                 NONE |         | UNFIXED    |           |          |      | NONE             |              |                   |              |
| H24        | busIN[95]     | High Range | IO_L16N_T2_A27_15            | INPUT         | LVCMOS18*   |      15 |            |      |                     |                 NONE |         | UNFIXED    |           |          |      | NONE             |              |                   |              |
| H25        |               |            | GND                          | GND           |             |         |            |      |                     |                      |     0.0 |            |           |          |      |                  |              |                   |              |
| H26        | busIN[84]     | High Range | IO_L22P_T3_A17_15            | INPUT         | LVCMOS18*   |      15 |            |      |                     |                 NONE |         | UNFIXED    |           |          |      | NONE             |              |                   |              |
| J1         | busOUT[63]    | High Range | IO_L7N_T1_34                 | TRISTATE      | LVCMOS18*   |      34 |         12 | SLOW |                     |            FP_VTT_50 |         | UNFIXED    |           |          |      | NONE             |              |                   |              |
| J2         |               |            | GND                          | GND           |             |         |            |      |                     |                      |     0.0 |            |           |          |      |                  |              |                   |              |
| J3         | busOUT[75]    | High Range | IO_L1N_T0_34                 | TRISTATE      | LVCMOS18*   |      34 |         12 | SLOW |                     |            FP_VTT_50 |         | UNFIXED    |           |          |      | NONE             |              |                   |              |
| J4         | busOUT[110]   | High Range | IO_L9P_T1_DQS_AD7P_35        | TRISTATE      | LVCMOS18*   |      35 |         12 | SLOW |                     |            FP_VTT_50 |         | UNFIXED    |           |          |      | NONE             |              |                   |              |
| J5         | busOUT[113]   | High Range | IO_L7N_T1_AD6N_35            | TRISTATE      | LVCMOS18*   |      35 |         12 | SLOW |                     |            FP_VTT_50 |         | UNFIXED    |           |          |      | NONE             |              |                   |              |
| J6         | busOUT[114]   | High Range | IO_L7P_T1_AD6P_35            | TRISTATE      | LVCMOS18*   |      35 |         12 | SLOW |                     |            FP_VTT_50 |         | UNFIXED    |           |          |      | NONE             |              |                   |              |
| J7         |               | High Range | VCCO_35                      | VCCO          |             |      35 |            |      |                     |                      |    1.80 |            |           |          |      |                  |              |                   |              |
| J8         | busOUT[127]   | High Range | IO_0_35                      | TRISTATE      | LVCMOS18*   |      35 |         12 | SLOW |                     |            FP_VTT_50 |         | UNFIXED    |           |          |      | NONE             |              |                   |              |
| J9         |               |            | VCCAUX                       | VCCAUX        |             |         |            |      |                     |                      |    1.80 |            |           |          |      |                  |              |                   |              |
| J10        |               | Dedicated  | TDO_0                        | Config        |             |       0 |            |      |                     |                      |         |            |           |          |      |                  |              |                   |              |
| J11        |               |            | VCCINT                       | VCCINT        |             |         |            |      |                     |                      |         |            |           |          |      |                  |              |                   |              |
| J12        |               |            | GND                          | GND           |             |         |            |      |                     |                      |     0.0 |            |           |          |      |                  |              |                   |              |
| J13        |               |            | VCCINT                       | VCCINT        |             |         |            |      |                     |                      |         |            |           |          |      |                  |              |                   |              |
| J14        | busIN[124]    | High Range | IO_L2P_T0_AD8P_15            | INPUT         | LVCMOS18*   |      15 |            |      |                     |                 NONE |         | UNFIXED    |           |          |      | NONE             |              |                   |              |
| J15        | busIN[123]    | High Range | IO_L2N_T0_AD8N_15            | INPUT         | LVCMOS18*   |      15 |            |      |                     |                 NONE |         | UNFIXED    |           |          |      | NONE             |              |                   |              |
| J16        | busIN[125]    | High Range | IO_L1N_T0_AD0N_15            | INPUT         | LVCMOS18*   |      15 |            |      |                     |                 NONE |         | UNFIXED    |           |          |      | NONE             |              |                   |              |
| J17        |               | High Range | VCCO_15                      | VCCO          |             |      15 |            |      |                     |                      |    1.80 |            |           |          |      |                  |              |                   |              |
| J18        | busIN[108]    | High Range | IO_L10P_T1_AD11P_15          | INPUT         | LVCMOS18*   |      15 |            |      |                     |                 NONE |         | UNFIXED    |           |          |      | NONE             |              |                   |              |
| J19        | busIN[114]    | High Range | IO_L7P_T1_AD2P_15            | INPUT         | LVCMOS18*   |      15 |            |      |                     |                 NONE |         | UNFIXED    |           |          |      | NONE             |              |                   |              |
| J20        | busIN[109]    | High Range | IO_L9N_T1_DQS_AD3N_15        | INPUT         | LVCMOS18*   |      15 |            |      |                     |                 NONE |         | UNFIXED    |           |          |      | NONE             |              |                   |              |
| J21        | busIN[103]    | High Range | IO_L12N_T1_MRCC_15           | INPUT         | LVCMOS18*   |      15 |            |      |                     |                 NONE |         | UNFIXED    |           |          |      | NONE             |              |                   |              |
| J22        |               |            | GND                          | GND           |             |         |            |      |                     |                      |     0.0 |            |           |          |      |                  |              |                   |              |
| J23        | busIN[100]    | High Range | IO_L14P_T2_SRCC_15           | INPUT         | LVCMOS18*   |      15 |            |      |                     |                 NONE |         | UNFIXED    |           |          |      | NONE             |              |                   |              |
| J24        | busIN[96]     | High Range | IO_L16P_T2_A28_15            | INPUT         | LVCMOS18*   |      15 |            |      |                     |                 NONE |         | UNFIXED    |           |          |      | NONE             |              |                   |              |
| J25        | busIN[80]     | High Range | IO_L24P_T3_RS1_15            | INPUT         | LVCMOS18*   |      15 |            |      |                     |                 NONE |         | UNFIXED    |           |          |      | NONE             |              |                   |              |
| J26        | busIN[79]     | High Range | IO_L24N_T3_RS0_15            | INPUT         | LVCMOS18*   |      15 |            |      |                     |                 NONE |         | UNFIXED    |           |          |      | NONE             |              |                   |              |
| K1         | busOUT[64]    | High Range | IO_L7P_T1_34                 | TRISTATE      | LVCMOS18*   |      34 |         12 | SLOW |                     |            FP_VTT_50 |         | UNFIXED    |           |          |      | NONE             |              |                   |              |
| K2         | busOUT[61]    | High Range | IO_L8N_T1_34                 | TRISTATE      | LVCMOS18*   |      34 |         12 | SLOW |                     |            FP_VTT_50 |         | UNFIXED    |           |          |      | NONE             |              |                   |              |
| K3         | busOUT[76]    | High Range | IO_L1P_T0_34                 | TRISTATE      | LVCMOS18*   |      34 |         12 | SLOW |                     |            FP_VTT_50 |         | UNFIXED    |           |          |      | NONE             |              |                   |              |
| K4         |               | High Range | VCCO_34                      | VCCO          |             |      34 |            |      |                     |                      |    1.80 |            |           |          |      |                  |              |                   |              |
| K5         | busOUT[69]    | High Range | IO_L4N_T0_34                 | TRISTATE      | LVCMOS18*   |      34 |         12 | SLOW |                     |            FP_VTT_50 |         | UNFIXED    |           |          |      | NONE             |              |                   |              |
| K6         | busOUT[107]   | High Range | IO_L10N_T1_AD15N_35          | TRISTATE      | LVCMOS18*   |      35 |         12 | SLOW |                     |            FP_VTT_50 |         | UNFIXED    |           |          |      | NONE             |              |                   |              |
| K7         | busOUT[108]   | High Range | IO_L10P_T1_AD15P_35          | TRISTATE      | LVCMOS18*   |      35 |         12 | SLOW |                     |            FP_VTT_50 |         | UNFIXED    |           |          |      | NONE             |              |                   |              |
| K8         | busOUT[111]   | High Range | IO_L8N_T1_AD14N_35           | TRISTATE      | LVCMOS18*   |      35 |         12 | SLOW |                     |            FP_VTT_50 |         | UNFIXED    |           |          |      | NONE             |              |                   |              |
| K9         |               |            | GND                          | GND           |             |         |            |      |                     |                      |     0.0 |            |           |          |      |                  |              |                   |              |
| K10        |               |            | VCCINT                       | VCCINT        |             |         |            |      |                     |                      |         |            |           |          |      |                  |              |                   |              |
| K11        |               |            | GND                          | GND           |             |         |            |      |                     |                      |     0.0 |            |           |          |      |                  |              |                   |              |
| K12        |               |            | VCCINT                       | VCCINT        |             |         |            |      |                     |                      |         |            |           |          |      |                  |              |                   |              |
| K13        |               |            | GND                          | GND           |             |         |            |      |                     |                      |     0.0 |            |           |          |      |                  |              |                   |              |
| K14        |               | High Range | VCCO_15                      | VCCO          |             |      15 |            |      |                     |                      |    1.80 |            |           |          |      |                  |              |                   |              |
| K15        | busIN[126]    | High Range | IO_L1P_T0_AD0P_15            | INPUT         | LVCMOS18*   |      15 |            |      |                     |                 NONE |         | UNFIXED    |           |          |      | NONE             |              |                   |              |
| K16        | busIN[122]    | High Range | IO_L3P_T0_DQS_AD1P_15        | INPUT         | LVCMOS18*   |      15 |            |      |                     |                 NONE |         | UNFIXED    |           |          |      | NONE             |              |                   |              |
| K17        | busIN[121]    | High Range | IO_L3N_T0_DQS_AD1N_15        | INPUT         | LVCMOS18*   |      15 |            |      |                     |                 NONE |         | UNFIXED    |           |          |      | NONE             |              |                   |              |
| K18        | busIN[127]    | High Range | IO_0_15                      | INPUT         | LVCMOS18*   |      15 |            |      |                     |                 NONE |         | UNFIXED    |           |          |      | NONE             |              |                   |              |
| K19        |               |            | GND                          | GND           |             |         |            |      |                     |                      |     0.0 |            |           |          |      |                  |              |                   |              |
| K20        | busIN[110]    | High Range | IO_L9P_T1_DQS_AD3P_15        | INPUT         | LVCMOS18*   |      15 |            |      |                     |                 NONE |         | UNFIXED    |           |          |      | NONE             |              |                   |              |
| K21        | busIN[104]    | High Range | IO_L12P_T1_MRCC_15           | INPUT         | LVCMOS18*   |      15 |            |      |                     |                 NONE |         | UNFIXED    |           |          |      | NONE             |              |                   |              |
| K22        | busIN[92]     | High Range | IO_L18P_T2_A24_15            | INPUT         | LVCMOS18*   |      15 |            |      |                     |                 NONE |         | UNFIXED    |           |          |      | NONE             |              |                   |              |
| K23        | busIN[91]     | High Range | IO_L18N_T2_A23_15            | INPUT         | LVCMOS18*   |      15 |            |      |                     |                 NONE |         | UNFIXED    |           |          |      | NONE             |              |                   |              |
| K24        |               | High Range | VCCO_14                      | VCCO          |             |      14 |            |      |                     |                      |    1.80 |            |           |          |      |                  |              |                   |              |
| K25        |               | High Range | IO_L7P_T1_D09_14             | User IO       |             |      14 |            |      |                     |                      |         |            |           |          |      |                  |              |                   |              |
| K26        |               | High Range | IO_L7N_T1_D10_14             | User IO       |             |      14 |            |      |                     |                      |         |            |           |          |      |                  |              |                   |              |
| L1         |               | High Range | VCCO_34                      | VCCO          |             |      34 |            |      |                     |                      |    1.80 |            |           |          |      |                  |              |                   |              |
| L2         | busOUT[55]    | High Range | IO_L11N_T1_SRCC_34           | TRISTATE      | LVCMOS18*   |      34 |         12 | SLOW |                     |            FP_VTT_50 |         | UNFIXED    |           |          |      | NONE             |              |                   |              |
| L3         | busOUT[62]    | High Range | IO_L8P_T1_34                 | TRISTATE      | LVCMOS18*   |      34 |         12 | SLOW |                     |            FP_VTT_50 |         | UNFIXED    |           |          |      | NONE             |              |                   |              |
| L4         | busOUT[71]    | High Range | IO_L3N_T0_DQS_34             | TRISTATE      | LVCMOS18*   |      34 |         12 | SLOW |                     |            FP_VTT_50 |         | UNFIXED    |           |          |      | NONE             |              |                   |              |
| L5         | busOUT[70]    | High Range | IO_L4P_T0_34                 | TRISTATE      | LVCMOS18*   |      34 |         12 | SLOW |                     |            FP_VTT_50 |         | UNFIXED    |           |          |      | NONE             |              |                   |              |
| L6         |               |            | GND                          | GND           |             |         |            |      |                     |                      |     0.0 |            |           |          |      |                  |              |                   |              |
| L7         | busOUT[73]    | High Range | IO_L2N_T0_34                 | TRISTATE      | LVCMOS18*   |      34 |         12 | SLOW |                     |            FP_VTT_50 |         | UNFIXED    |           |          |      | NONE             |              |                   |              |
| L8         | busOUT[112]   | High Range | IO_L8P_T1_AD14P_35           | TRISTATE      | LVCMOS18*   |      35 |         12 | SLOW |                     |            FP_VTT_50 |         | UNFIXED    |           |          |      | NONE             |              |                   |              |
| L9         |               |            | VCCAUX                       | VCCAUX        |             |         |            |      |                     |                      |    1.80 |            |           |          |      |                  |              |                   |              |
| L10        |               |            | GND                          | GND           |             |         |            |      |                     |                      |     0.0 |            |           |          |      |                  |              |                   |              |
| L11        |               |            | VCCINT                       | VCCINT        |             |         |            |      |                     |                      |         |            |           |          |      |                  |              |                   |              |
| L12        |               |            | GND                          | GND           |             |         |            |      |                     |                      |     0.0 |            |           |          |      |                  |              |                   |              |
| L13        |               |            | VCCINT                       | VCCINT        |             |         |            |      |                     |                      |         |            |           |          |      |                  |              |                   |              |
| L14        | busIN[119]    | High Range | IO_L4N_T0_15                 | INPUT         | LVCMOS18*   |      15 |            |      |                     |                 NONE |         | UNFIXED    |           |          |      | NONE             |              |                   |              |
| L15        | busIN[117]    | High Range | IO_L5N_T0_AD9N_15            | INPUT         | LVCMOS18*   |      15 |            |      |                     |                 NONE |         | UNFIXED    |           |          |      | NONE             |              |                   |              |
| L16        |               |            | GND                          | GND           |             |         |            |      |                     |                      |     0.0 |            |           |          |      |                  |              |                   |              |
| L17        | busIN[112]    | High Range | IO_L8P_T1_AD10P_15           | INPUT         | LVCMOS18*   |      15 |            |      |                     |                 NONE |         | UNFIXED    |           |          |      | NONE             |              |                   |              |
| L18        | busIN[111]    | High Range | IO_L8N_T1_AD10N_15           | INPUT         | LVCMOS18*   |      15 |            |      |                     |                 NONE |         | UNFIXED    |           |          |      | NONE             |              |                   |              |
| L19        | busIN[78]     | High Range | IO_25_15                     | INPUT         | LVCMOS18*   |      15 |            |      |                     |                 NONE |         | UNFIXED    |           |          |      | NONE             |              |                   |              |
| L20        |               | High Range | IO_L8N_T1_D12_14             | User IO       |             |      14 |            |      |                     |                      |         |            |           |          |      |                  |              |                   |              |
| L21        |               | High Range | VCCO_14                      | VCCO          |             |      14 |            |      |                     |                      |    1.80 |            |           |          |      |                  |              |                   |              |
| L22        |               | High Range | IO_L11P_T1_SRCC_14           | User IO       |             |      14 |            |      |                     |                      |         |            |           |          |      |                  |              |                   |              |
| L23        | busIN[77]     | High Range | IO_L11N_T1_SRCC_14           | INPUT         | LVCMOS18*   |      14 |            |      |                     |                 NONE |         | UNFIXED    |           |          |      | NONE             |              |                   |              |
| L24        |               | High Range | IO_L9P_T1_DQS_14             | User IO       |             |      14 |            |      |                     |                      |         |            |           |          |      |                  |              |                   |              |
| L25        |               | High Range | IO_L9N_T1_DQS_D13_14         | User IO       |             |      14 |            |      |                     |                      |         |            |           |          |      |                  |              |                   |              |
| L26        |               |            | GND                          | GND           |             |         |            |      |                     |                      |     0.0 |            |           |          |      |                  |              |                   |              |
| M1         | busOUT[59]    | High Range | IO_L9N_T1_DQS_34             | TRISTATE      | LVCMOS18*   |      34 |         12 | SLOW |                     |            FP_VTT_50 |         | UNFIXED    |           |          |      | NONE             |              |                   |              |
| M2         | busOUT[56]    | High Range | IO_L11P_T1_SRCC_34           | TRISTATE      | LVCMOS18*   |      34 |         12 | SLOW |                     |            FP_VTT_50 |         | UNFIXED    |           |          |      | NONE             |              |                   |              |
| M3         |               |            | GND                          | GND           |             |         |            |      |                     |                      |     0.0 |            |           |          |      |                  |              |                   |              |
| M4         | busOUT[72]    | High Range | IO_L3P_T0_DQS_34             | TRISTATE      | LVCMOS18*   |      34 |         12 | SLOW |                     |            FP_VTT_50 |         | UNFIXED    |           |          |      | NONE             |              |                   |              |
| M5         | busOUT[65]    | High Range | IO_L6N_T0_VREF_34            | TRISTATE      | LVCMOS18*   |      34 |         12 | SLOW |                     |            FP_VTT_50 |         | UNFIXED    |           |          |      | NONE             |              |                   |              |
| M6         | busOUT[66]    | High Range | IO_L6P_T0_34                 | TRISTATE      | LVCMOS18*   |      34 |         12 | SLOW |                     |            FP_VTT_50 |         | UNFIXED    |           |          |      | NONE             |              |                   |              |
| M7         | busOUT[74]    | High Range | IO_L2P_T0_34                 | TRISTATE      | LVCMOS18*   |      34 |         12 | SLOW |                     |            FP_VTT_50 |         | UNFIXED    |           |          |      | NONE             |              |                   |              |
| M8         |               | High Range | VCCO_34                      | VCCO          |             |      34 |            |      |                     |                      |    1.80 |            |           |          |      |                  |              |                   |              |
| M9         |               |            | GND                          | GND           |             |         |            |      |                     |                      |     0.0 |            |           |          |      |                  |              |                   |              |
| M10        |               |            | VCCINT                       | VCCINT        |             |         |            |      |                     |                      |         |            |           |          |      |                  |              |                   |              |
| M11        |               | Dedicated  | GNDADC_0                     | XADC          |             |       0 |            |      |                     |                      |         |            |           |          |      |                  |              |                   |              |
| M12        |               | Dedicated  | VCCADC_0                     | XADC          |             |       0 |            |      |                     |                      |         |            |           |          |      |                  |              |                   |              |
| M13        |               |            | GND                          | GND           |             |         |            |      |                     |                      |     0.0 |            |           |          |      |                  |              |                   |              |
| M14        | busIN[120]    | High Range | IO_L4P_T0_15                 | INPUT         | LVCMOS18*   |      15 |            |      |                     |                 NONE |         | UNFIXED    |           |          |      | NONE             |              |                   |              |
| M15        | busIN[118]    | High Range | IO_L5P_T0_AD9P_15            | INPUT         | LVCMOS18*   |      15 |            |      |                     |                 NONE |         | UNFIXED    |           |          |      | NONE             |              |                   |              |
| M16        | busIN[116]    | High Range | IO_L6P_T0_15                 | INPUT         | LVCMOS18*   |      15 |            |      |                     |                 NONE |         | UNFIXED    |           |          |      | NONE             |              |                   |              |
| M17        | busIN[115]    | High Range | IO_L6N_T0_VREF_15            | INPUT         | LVCMOS18*   |      15 |            |      |                     |                 NONE |         | UNFIXED    |           |          |      | NONE             |              |                   |              |
| M18        |               | High Range | VCCO_15                      | VCCO          |             |      15 |            |      |                     |                      |    1.80 |            |           |          |      |                  |              |                   |              |
| M19        |               | High Range | IO_0_14                      | User IO       |             |      14 |            |      |                     |                      |         |            |           |          |      |                  |              |                   |              |
| M20        |               | High Range | IO_L8P_T1_D11_14             | User IO       |             |      14 |            |      |                     |                      |         |            |           |          |      |                  |              |                   |              |
| M21        | busIN[76]     | High Range | IO_L12P_T1_MRCC_14           | INPUT         | LVCMOS18*   |      14 |            |      |                     |                 NONE |         | UNFIXED    |           |          |      | NONE             |              |                   |              |
| M22        | busIN[75]     | High Range | IO_L12N_T1_MRCC_14           | INPUT         | LVCMOS18*   |      14 |            |      |                     |                 NONE |         | UNFIXED    |           |          |      | NONE             |              |                   |              |
| M23        |               |            | GND                          | GND           |             |         |            |      |                     |                      |     0.0 |            |           |          |      |                  |              |                   |              |
| M24        |               | High Range | IO_L10P_T1_D14_14            | User IO       |             |      14 |            |      |                     |                      |         |            |           |          |      |                  |              |                   |              |
| M25        |               | High Range | IO_L10N_T1_D15_14            | User IO       |             |      14 |            |      |                     |                      |         |            |           |          |      |                  |              |                   |              |
| M26        | busIN[59]     | High Range | IO_L20N_T3_A07_D23_14        | INPUT         | LVCMOS18*   |      14 |            |      |                     |                 NONE |         | UNFIXED    |           |          |      | NONE             |              |                   |              |
| N1         | busOUT[60]    | High Range | IO_L9P_T1_DQS_34             | TRISTATE      | LVCMOS18*   |      34 |         12 | SLOW |                     |            FP_VTT_50 |         | UNFIXED    |           |          |      | NONE             |              |                   |              |
| N2         | busOUT[53]    | High Range | IO_L12N_T1_MRCC_34           | TRISTATE      | LVCMOS18*   |      34 |         12 | SLOW |                     |            FP_VTT_50 |         | UNFIXED    |           |          |      | NONE             |              |                   |              |
| N3         | busOUT[54]    | High Range | IO_L12P_T1_MRCC_34           | TRISTATE      | LVCMOS18*   |      34 |         12 | SLOW |                     |            FP_VTT_50 |         | UNFIXED    |           |          |      | NONE             |              |                   |              |
| N4         | busOUT[49]    | High Range | IO_L14N_T2_SRCC_34           | TRISTATE      | LVCMOS18*   |      34 |         12 | SLOW |                     |            FP_VTT_50 |         | UNFIXED    |           |          |      | NONE             |              |                   |              |
| N5         |               | High Range | VCCO_34                      | VCCO          |             |      34 |            |      |                     |                      |    1.80 |            |           |          |      |                  |              |                   |              |
| N6         | busOUT[67]    | High Range | IO_L5N_T0_34                 | TRISTATE      | LVCMOS18*   |      34 |         12 | SLOW |                     |            FP_VTT_50 |         | UNFIXED    |           |          |      | NONE             |              |                   |              |
| N7         | busOUT[68]    | High Range | IO_L5P_T0_34                 | TRISTATE      | LVCMOS18*   |      34 |         12 | SLOW |                     |            FP_VTT_50 |         | UNFIXED    |           |          |      | NONE             |              |                   |              |
| N8         | busOUT[77]    | High Range | IO_0_34                      | TRISTATE      | LVCMOS18*   |      34 |         12 | SLOW |                     |            FP_VTT_50 |         | UNFIXED    |           |          |      | NONE             |              |                   |              |
| N9         |               |            | VCCAUX                       | VCCAUX        |             |         |            |      |                     |                      |    1.80 |            |           |          |      |                  |              |                   |              |
| N10        |               |            | GND                          | GND           |             |         |            |      |                     |                      |     0.0 |            |           |          |      |                  |              |                   |              |
| N11        |               | Dedicated  | VREFN_0                      | XADC          |             |       0 |            |      |                     |                      |         |            |           |          |      |                  |              |                   |              |
| N12        |               | Dedicated  | VP_0                         | XADC          |             |       0 |            |      |                     |                      |         |            |           |          |      |                  |              |                   |              |
| N13        |               |            | VCCBRAM                      | VCCBRAM       |             |         |            |      |                     |                      |         |            |           |          |      |                  |              |                   |              |
| N14        |               | High Range | IO_L2N_T0_D03_14             | User IO       |             |      14 |            |      |                     |                      |         |            |           |          |      |                  |              |                   |              |
| N15        |               | High Range | VCCO_14                      | VCCO          |             |      14 |            |      |                     |                      |    1.80 |            |           |          |      |                  |              |                   |              |
| N16        |               | High Range | IO_L4P_T0_D04_14             | User IO       |             |      14 |            |      |                     |                      |         |            |           |          |      |                  |              |                   |              |
| N17        |               | High Range | IO_L4N_T0_D05_14             | User IO       |             |      14 |            |      |                     |                      |         |            |           |          |      |                  |              |                   |              |
| N18        |               | High Range | IO_L6N_T0_D08_VREF_14        | User IO       |             |      14 |            |      |                     |                      |         |            |           |          |      |                  |              |                   |              |
| N19        | busIN[67]     | High Range | IO_L16N_T2_A15_D31_14        | INPUT         | LVCMOS18*   |      14 |            |      |                     |                 NONE |         | UNFIXED    |           |          |      | NONE             |              |                   |              |
| N20        |               |            | GND                          | GND           |             |         |            |      |                     |                      |     0.0 |            |           |          |      |                  |              |                   |              |
| N21        | busIN[74]     | High Range | IO_L13P_T2_MRCC_14           | INPUT         | LVCMOS18*   |      14 |            |      |                     |                 NONE |         | UNFIXED    |           |          |      | NONE             |              |                   |              |
| N22        | busIN[73]     | High Range | IO_L13N_T2_MRCC_14           | INPUT         | LVCMOS18*   |      14 |            |      |                     |                 NONE |         | UNFIXED    |           |          |      | NONE             |              |                   |              |
| N23        | busIN[70]     | High Range | IO_L15P_T2_DQS_RDWR_B_14     | INPUT         | LVCMOS18*   |      14 |            |      |                     |                 NONE |         | UNFIXED    |           |          |      | NONE             |              |                   |              |
| N24        | busIN[69]     | High Range | IO_L15N_T2_DQS_DOUT_CSO_B_14 | INPUT         | LVCMOS18*   |      14 |            |      |                     |                 NONE |         | UNFIXED    |           |          |      | NONE             |              |                   |              |
| N25        |               | High Range | VCCO_14                      | VCCO          |             |      14 |            |      |                     |                      |    1.80 |            |           |          |      |                  |              |                   |              |
| N26        | busIN[60]     | High Range | IO_L20P_T3_A08_D24_14        | INPUT         | LVCMOS18*   |      14 |            |      |                     |                 NONE |         | UNFIXED    |           |          |      | NONE             |              |                   |              |
| P1         | busOUT[47]    | High Range | IO_L15N_T2_DQS_34            | TRISTATE      | LVCMOS18*   |      34 |         12 | SLOW |                     |            FP_VTT_50 |         | UNFIXED    |           |          |      | NONE             |              |                   |              |
| P2         |               | High Range | VCCO_34                      | VCCO          |             |      34 |            |      |                     |                      |    1.80 |            |           |          |      |                  |              |                   |              |
| P3         | busOUT[51]    | High Range | IO_L13N_T2_MRCC_34           | TRISTATE      | LVCMOS18*   |      34 |         12 | SLOW |                     |            FP_VTT_50 |         | UNFIXED    |           |          |      | NONE             |              |                   |              |
| P4         | busOUT[50]    | High Range | IO_L14P_T2_SRCC_34           | TRISTATE      | LVCMOS18*   |      34 |         12 | SLOW |                     |            FP_VTT_50 |         | UNFIXED    |           |          |      | NONE             |              |                   |              |
| P5         | busOUT[39]    | High Range | IO_L19N_T3_VREF_34           | TRISTATE      | LVCMOS18*   |      34 |         12 | SLOW |                     |            FP_VTT_50 |         | UNFIXED    |           |          |      | NONE             |              |                   |              |
| P6         | busOUT[40]    | High Range | IO_L19P_T3_34                | TRISTATE      | LVCMOS18*   |      34 |         12 | SLOW |                     |            FP_VTT_50 |         | UNFIXED    |           |          |      | NONE             |              |                   |              |
| P7         |               |            | GND                          | GND           |             |         |            |      |                     |                      |     0.0 |            |           |          |      |                  |              |                   |              |
| P8         | busOUT[33]    | High Range | IO_L22N_T3_34                | TRISTATE      | LVCMOS18*   |      34 |         12 | SLOW |                     |            FP_VTT_50 |         | UNFIXED    |           |          |      | NONE             |              |                   |              |
| P9         |               |            | GND                          | GND           |             |         |            |      |                     |                      |     0.0 |            |           |          |      |                  |              |                   |              |
| P10        |               |            | VCCINT                       | VCCINT        |             |         |            |      |                     |                      |         |            |           |          |      |                  |              |                   |              |
| P11        |               | Dedicated  | VN_0                         | XADC          |             |       0 |            |      |                     |                      |         |            |           |          |      |                  |              |                   |              |
| P12        |               | Dedicated  | VREFP_0                      | XADC          |             |       0 |            |      |                     |                      |         |            |           |          |      |                  |              |                   |              |
| P13        |               |            | GND                          | GND           |             |         |            |      |                     |                      |     0.0 |            |           |          |      |                  |              |                   |              |
| P14        |               | High Range | IO_L2P_T0_D02_14             | User IO       |             |      14 |            |      |                     |                      |         |            |           |          |      |                  |              |                   |              |
| P15        |               | High Range | IO_L3P_T0_DQS_PUDC_B_14      | User IO       |             |      14 |            |      |                     |                      |         |            |           |          |      |                  |              |                   |              |
| P16        |               | High Range | IO_L3N_T0_DQS_EMCCLK_14      | User IO       |             |      14 |            |      |                     |                      |         |            |           |          |      |                  |              |                   |              |
| P17        |               |            | GND                          | GND           |             |         |            |      |                     |                      |     0.0 |            |           |          |      |                  |              |                   |              |
| P18        |               | High Range | IO_L6P_T0_FCS_B_14           | User IO       |             |      14 |            |      |                     |                      |         |            |           |          |      |                  |              |                   |              |
| P19        | busIN[68]     | High Range | IO_L16P_T2_CSI_B_14          | INPUT         | LVCMOS18*   |      14 |            |      |                     |                 NONE |         | UNFIXED    |           |          |      | NONE             |              |                   |              |
| P20        | busIN[72]     | High Range | IO_L14P_T2_SRCC_14           | INPUT         | LVCMOS18*   |      14 |            |      |                     |                 NONE |         | UNFIXED    |           |          |      | NONE             |              |                   |              |
| P21        | busIN[71]     | High Range | IO_L14N_T2_SRCC_14           | INPUT         | LVCMOS18*   |      14 |            |      |                     |                 NONE |         | UNFIXED    |           |          |      | NONE             |              |                   |              |
| P22        |               | High Range | VCCO_14                      | VCCO          |             |      14 |            |      |                     |                      |    1.80 |            |           |          |      |                  |              |                   |              |
| P23        | busIN[66]     | High Range | IO_L17P_T2_A14_D30_14        | INPUT         | LVCMOS18*   |      14 |            |      |                     |                 NONE |         | UNFIXED    |           |          |      | NONE             |              |                   |              |
| P24        | busIN[65]     | High Range | IO_L17N_T2_A13_D29_14        | INPUT         | LVCMOS18*   |      14 |            |      |                     |                 NONE |         | UNFIXED    |           |          |      | NONE             |              |                   |              |
| P25        | busIN[61]     | High Range | IO_L19N_T3_A09_D25_VREF_14   | INPUT         | LVCMOS18*   |      14 |            |      |                     |                 NONE |         | UNFIXED    |           |          |      | NONE             |              |                   |              |
| P26        | busIN[55]     | High Range | IO_L22N_T3_A04_D20_14        | INPUT         | LVCMOS18*   |      14 |            |      |                     |                 NONE |         | UNFIXED    |           |          |      | NONE             |              |                   |              |
| R1         | busOUT[48]    | High Range | IO_L15P_T2_DQS_34            | TRISTATE      | LVCMOS18*   |      34 |         12 | SLOW |                     |            FP_VTT_50 |         | UNFIXED    |           |          |      | NONE             |              |                   |              |
| R2         | busOUT[43]    | High Range | IO_L17N_T2_34                | TRISTATE      | LVCMOS18*   |      34 |         12 | SLOW |                     |            FP_VTT_50 |         | UNFIXED    |           |          |      | NONE             |              |                   |              |
| R3         | busOUT[52]    | High Range | IO_L13P_T2_MRCC_34           | TRISTATE      | LVCMOS18*   |      34 |         12 | SLOW |                     |            FP_VTT_50 |         | UNFIXED    |           |          |      | NONE             |              |                   |              |
| R4         |               |            | GND                          | GND           |             |         |            |      |                     |                      |     0.0 |            |           |          |      |                  |              |                   |              |
| R5         | busOUT[37]    | High Range | IO_L20N_T3_34                | TRISTATE      | LVCMOS18*   |      34 |         12 | SLOW |                     |            FP_VTT_50 |         | UNFIXED    |           |          |      | NONE             |              |                   |              |
| R6         | busOUT[31]    | High Range | IO_L23N_T3_34                | TRISTATE      | LVCMOS18*   |      34 |         12 | SLOW |                     |            FP_VTT_50 |         | UNFIXED    |           |          |      | NONE             |              |                   |              |
| R7         | busOUT[32]    | High Range | IO_L23P_T3_34                | TRISTATE      | LVCMOS18*   |      34 |         12 | SLOW |                     |            FP_VTT_50 |         | UNFIXED    |           |          |      | NONE             |              |                   |              |
| R8         | busOUT[34]    | High Range | IO_L22P_T3_34                | TRISTATE      | LVCMOS18*   |      34 |         12 | SLOW |                     |            FP_VTT_50 |         | UNFIXED    |           |          |      | NONE             |              |                   |              |
| R9         |               |            | VCCAUX                       | VCCAUX        |             |         |            |      |                     |                      |    1.80 |            |           |          |      |                  |              |                   |              |
| R10        |               |            | GND                          | GND           |             |         |            |      |                     |                      |     0.0 |            |           |          |      |                  |              |                   |              |
| R11        |               | Dedicated  | DXN_0                        | Temp Sensor   |             |       0 |            |      |                     |                      |         |            |           |          |      |                  |              |                   |              |
| R12        |               | Dedicated  | DXP_0                        | Temp Sensor   |             |       0 |            |      |                     |                      |         |            |           |          |      |                  |              |                   |              |
| R13        |               |            | VCCBRAM                      | VCCBRAM       |             |         |            |      |                     |                      |         |            |           |          |      |                  |              |                   |              |
| R14        |               | High Range | IO_L1P_T0_D00_MOSI_14        | User IO       |             |      14 |            |      |                     |                      |         |            |           |          |      |                  |              |                   |              |
| R15        |               | High Range | IO_L1N_T0_D01_DIN_14         | User IO       |             |      14 |            |      |                     |                      |         |            |           |          |      |                  |              |                   |              |
| R16        |               | High Range | IO_L5P_T0_D06_14             | User IO       |             |      14 |            |      |                     |                      |         |            |           |          |      |                  |              |                   |              |
| R17        |               | High Range | IO_L5N_T0_D07_14             | User IO       |             |      14 |            |      |                     |                      |         |            |           |          |      |                  |              |                   |              |
| R18        | busIN[50]     | High Range | IO_25_14                     | INPUT         | LVCMOS18*   |      14 |            |      |                     |                 NONE |         | UNFIXED    |           |          |      | NONE             |              |                   |              |
| R19        |               | High Range | VCCO_14                      | VCCO          |             |      14 |            |      |                     |                      |    1.80 |            |           |          |      |                  |              |                   |              |
| R20        | busIN[64]     | High Range | IO_L18P_T2_A12_D28_14        | INPUT         | LVCMOS18*   |      14 |            |      |                     |                 NONE |         | UNFIXED    |           |          |      | NONE             |              |                   |              |
| R21        | busIN[63]     | High Range | IO_L18N_T2_A11_D27_14        | INPUT         | LVCMOS18*   |      14 |            |      |                     |                 NONE |         | UNFIXED    |           |          |      | NONE             |              |                   |              |
| R22        | busIN[53]     | High Range | IO_L23N_T3_A02_D18_14        | INPUT         | LVCMOS18*   |      14 |            |      |                     |                 NONE |         | UNFIXED    |           |          |      | NONE             |              |                   |              |
| R23        | busIN[51]     | High Range | IO_L24N_T3_A00_D16_14        | INPUT         | LVCMOS18*   |      14 |            |      |                     |                 NONE |         | UNFIXED    |           |          |      | NONE             |              |                   |              |
| R24        |               |            | GND                          | GND           |             |         |            |      |                     |                      |     0.0 |            |           |          |      |                  |              |                   |              |
| R25        | busIN[62]     | High Range | IO_L19P_T3_A10_D26_14        | INPUT         | LVCMOS18*   |      14 |            |      |                     |                 NONE |         | UNFIXED    |           |          |      | NONE             |              |                   |              |
| R26        | busIN[56]     | High Range | IO_L22P_T3_A05_D21_14        | INPUT         | LVCMOS18*   |      14 |            |      |                     |                 NONE |         | UNFIXED    |           |          |      | NONE             |              |                   |              |
| T1         |               |            | GND                          | GND           |             |         |            |      |                     |                      |     0.0 |            |           |          |      |                  |              |                   |              |
| T2         | busOUT[44]    | High Range | IO_L17P_T2_34                | TRISTATE      | LVCMOS18*   |      34 |         12 | SLOW |                     |            FP_VTT_50 |         | UNFIXED    |           |          |      | NONE             |              |                   |              |
| T3         | busOUT[45]    | High Range | IO_L16N_T2_34                | TRISTATE      | LVCMOS18*   |      34 |         12 | SLOW |                     |            FP_VTT_50 |         | UNFIXED    |           |          |      | NONE             |              |                   |              |
| T4         | busOUT[46]    | High Range | IO_L16P_T2_34                | TRISTATE      | LVCMOS18*   |      34 |         12 | SLOW |                     |            FP_VTT_50 |         | UNFIXED    |           |          |      | NONE             |              |                   |              |
| T5         | busOUT[38]    | High Range | IO_L20P_T3_34                | TRISTATE      | LVCMOS18*   |      34 |         12 | SLOW |                     |            FP_VTT_50 |         | UNFIXED    |           |          |      | NONE             |              |                   |              |
| T6         |               | High Range | VCCO_34                      | VCCO          |             |      34 |            |      |                     |                      |    1.80 |            |           |          |      |                  |              |                   |              |
| T7         | busOUT[29]    | High Range | IO_L24N_T3_34                | TRISTATE      | LVCMOS18*   |      34 |         12 | SLOW |                     |            FP_VTT_50 |         | UNFIXED    |           |          |      | NONE             |              |                   |              |
| T8         | busOUT[30]    | High Range | IO_L24P_T3_34                | TRISTATE      | LVCMOS18*   |      34 |         12 | SLOW |                     |            FP_VTT_50 |         | UNFIXED    |           |          |      | NONE             |              |                   |              |
| T9         |               |            | GND                          | GND           |             |         |            |      |                     |                      |     0.0 |            |           |          |      |                  |              |                   |              |
| T10        |               |            | VCCINT                       | VCCINT        |             |         |            |      |                     |                      |         |            |           |          |      |                  |              |                   |              |
| T11        |               |            | GND                          | GND           |             |         |            |      |                     |                      |     0.0 |            |           |          |      |                  |              |                   |              |
| T12        |               |            | VCCINT                       | VCCINT        |             |         |            |      |                     |                      |         |            |           |          |      |                  |              |                   |              |
| T13        |               |            | GND                          | GND           |             |         |            |      |                     |                      |     0.0 |            |           |          |      |                  |              |                   |              |
| T14        | busOUT[10]    | High Range | IO_L20P_T3_13                | TRISTATE      | LVCMOS18*   |      13 |         12 | SLOW |                     |            FP_VTT_50 |         | UNFIXED    |           |          |      | NONE             |              |                   |              |
| T15        | busOUT[9]     | High Range | IO_L20N_T3_13                | TRISTATE      | LVCMOS18*   |      13 |         12 | SLOW |                     |            FP_VTT_50 |         | UNFIXED    |           |          |      | NONE             |              |                   |              |
| T16        |               | High Range | VCCO_13                      | VCCO          |             |      13 |            |      |                     |                      |    1.80 |            |           |          |      |                  |              |                   |              |
| T17        | busOUT[8]     | High Range | IO_L21P_T3_DQS_13            | TRISTATE      | LVCMOS18*   |      13 |         12 | SLOW |                     |            FP_VTT_50 |         | UNFIXED    |           |          |      | NONE             |              |                   |              |
| T18        | busOUT[7]     | High Range | IO_L21N_T3_DQS_13            | TRISTATE      | LVCMOS18*   |      13 |         12 | SLOW |                     |            FP_VTT_50 |         | UNFIXED    |           |          |      | NONE             |              |                   |              |
| T19        | busOUT[16]    | High Range | IO_L17P_T2_13                | TRISTATE      | LVCMOS18*   |      13 |         12 | SLOW |                     |            FP_VTT_50 |         | UNFIXED    |           |          |      | NONE             |              |                   |              |
| T20        | busOUT[20]    | High Range | IO_L15P_T2_DQS_13            | TRISTATE      | LVCMOS18*   |      13 |         12 | SLOW |                     |            FP_VTT_50 |         | UNFIXED    |           |          |      | NONE             |              |                   |              |
| T21        |               |            | GND                          | GND           |             |         |            |      |                     |                      |     0.0 |            |           |          |      |                  |              |                   |              |
| T22        | busIN[54]     | High Range | IO_L23P_T3_A03_D19_14        | INPUT         | LVCMOS18*   |      14 |            |      |                     |                 NONE |         | UNFIXED    |           |          |      | NONE             |              |                   |              |
| T23        | busIN[52]     | High Range | IO_L24P_T3_A01_D17_14        | INPUT         | LVCMOS18*   |      14 |            |      |                     |                 NONE |         | UNFIXED    |           |          |      | NONE             |              |                   |              |
| T24        | busIN[58]     | High Range | IO_L21P_T3_DQS_14            | INPUT         | LVCMOS18*   |      14 |            |      |                     |                 NONE |         | UNFIXED    |           |          |      | NONE             |              |                   |              |
| T25        | busIN[57]     | High Range | IO_L21N_T3_DQS_A06_D22_14    | INPUT         | LVCMOS18*   |      14 |            |      |                     |                 NONE |         | UNFIXED    |           |          |      | NONE             |              |                   |              |
| T26        |               | High Range | VCCO_13                      | VCCO          |             |      13 |            |      |                     |                      |    1.80 |            |           |          |      |                  |              |                   |              |
| U1         | busOUT[41]    | High Range | IO_L18N_T2_34                | TRISTATE      | LVCMOS18*   |      34 |         12 | SLOW |                     |            FP_VTT_50 |         | UNFIXED    |           |          |      | NONE             |              |                   |              |
| U2         | busOUT[42]    | High Range | IO_L18P_T2_34                | TRISTATE      | LVCMOS18*   |      34 |         12 | SLOW |                     |            FP_VTT_50 |         | UNFIXED    |           |          |      | NONE             |              |                   |              |
| U3         |               | Dedicated  | VCCO_33                      | VCCO          |             |      33 |            |      |                     |                      |   any** |            |           |          |      |                  |              |                   |              |
| U4         | busOUT[28]    | High Range | IO_25_34                     | TRISTATE      | LVCMOS18*   |      34 |         12 | SLOW |                     |            FP_VTT_50 |         | UNFIXED    |           |          |      | NONE             |              |                   |              |
| U5         | busOUT[35]    | High Range | IO_L21N_T3_DQS_34            | TRISTATE      | LVCMOS18*   |      34 |         12 | SLOW |                     |            FP_VTT_50 |         | UNFIXED    |           |          |      | NONE             |              |                   |              |
| U6         | busOUT[36]    | High Range | IO_L21P_T3_DQS_34            | TRISTATE      | LVCMOS18*   |      34 |         12 | SLOW |                     |            FP_VTT_50 |         | UNFIXED    |           |          |      | NONE             |              |                   |              |
| U7         |               |            | NC                           | Not Connected |             |         |            |      |                     |                      |         |            |           |          |      |                  |              |                   |              |
| U8         |               |            | GND                          | GND           |             |         |            |      |                     |                      |     0.0 |            |           |          |      |                  |              |                   |              |
| U9         |               |            | VCCAUX                       | VCCAUX        |             |         |            |      |                     |                      |    1.80 |            |           |          |      |                  |              |                   |              |
| U10        |               |            | GND                          | GND           |             |         |            |      |                     |                      |     0.0 |            |           |          |      |                  |              |                   |              |
| U11        |               |            | VCCINT                       | VCCINT        |             |         |            |      |                     |                      |         |            |           |          |      |                  |              |                   |              |
| U12        |               |            | GND                          | GND           |             |         |            |      |                     |                      |     0.0 |            |           |          |      |                  |              |                   |              |
| U13        |               |            | VCCBRAM                      | VCCBRAM       |             |         |            |      |                     |                      |         |            |           |          |      |                  |              |                   |              |
| U14        | busOUT[4]     | High Range | IO_L23P_T3_13                | TRISTATE      | LVCMOS18*   |      13 |         12 | SLOW |                     |            FP_VTT_50 |         | UNFIXED    |           |          |      | NONE             |              |                   |              |
| U15        | busOUT[6]     | High Range | IO_L22P_T3_13                | TRISTATE      | LVCMOS18*   |      13 |         12 | SLOW |                     |            FP_VTT_50 |         | UNFIXED    |           |          |      | NONE             |              |                   |              |
| U16        | busOUT[5]     | High Range | IO_L22N_T3_13                | TRISTATE      | LVCMOS18*   |      13 |         12 | SLOW |                     |            FP_VTT_50 |         | UNFIXED    |           |          |      | NONE             |              |                   |              |
| U17        | busOUT[0]     | High Range | IO_25_13                     | TRISTATE      | LVCMOS18*   |      13 |         12 | SLOW |                     |            FP_VTT_50 |         | UNFIXED    |           |          |      | NONE             |              |                   |              |
| U18        |               |            | GND                          | GND           |             |         |            |      |                     |                      |     0.0 |            |           |          |      |                  |              |                   |              |
| U19        | busOUT[15]    | High Range | IO_L17N_T2_13                | TRISTATE      | LVCMOS18*   |      13 |         12 | SLOW |                     |            FP_VTT_50 |         | UNFIXED    |           |          |      | NONE             |              |                   |              |
| U20        | busOUT[19]    | High Range | IO_L15N_T2_DQS_13            | TRISTATE      | LVCMOS18*   |      13 |         12 | SLOW |                     |            FP_VTT_50 |         | UNFIXED    |           |          |      | NONE             |              |                   |              |
| U21        | busOUT[24]    | High Range | IO_L13P_T2_MRCC_13           | TRISTATE      | LVCMOS18*   |      13 |         12 | SLOW |                     |            FP_VTT_50 |         | UNFIXED    |           |          |      | NONE             |              |                   |              |
| U22        | busOUT[26]    | High Range | IO_L12P_T1_MRCC_13           | TRISTATE      | LVCMOS18*   |      13 |         12 | SLOW |                     |            FP_VTT_50 |         | UNFIXED    |           |          |      | NONE             |              |                   |              |
| U23        |               | High Range | VCCO_13                      | VCCO          |             |      13 |            |      |                     |                      |    1.80 |            |           |          |      |                  |              |                   |              |
| U24        |               | High Range | IO_0_13                      | User IO       |             |      13 |            |      |                     |                      |         |            |           |          |      |                  |              |                   |              |
| U25        |               | High Range | IO_L1P_T0_13                 | User IO       |             |      13 |            |      |                     |                      |         |            |           |          |      |                  |              |                   |              |
| U26        |               | High Range | IO_L1N_T0_13                 | User IO       |             |      13 |            |      |                     |                      |         |            |           |          |      |                  |              |                   |              |
| V1         |               |            | NC                           | Not Connected |             |         |            |      |                     |                      |         |            |           |          |      |                  |              |                   |              |
| V2         |               |            | NC                           | Not Connected |             |         |            |      |                     |                      |         |            |           |          |      |                  |              |                   |              |
| V3         |               |            | NC                           | Not Connected |             |         |            |      |                     |                      |         |            |           |          |      |                  |              |                   |              |
| V4         |               |            | NC                           | Not Connected |             |         |            |      |                     |                      |         |            |           |          |      |                  |              |                   |              |
| V5         |               |            | GND                          | GND           |             |         |            |      |                     |                      |     0.0 |            |           |          |      |                  |              |                   |              |
| V6         |               |            | NC                           | Not Connected |             |         |            |      |                     |                      |         |            |           |          |      |                  |              |                   |              |
| V7         |               |            | NC                           | Not Connected |             |         |            |      |                     |                      |         |            |           |          |      |                  |              |                   |              |
| V8         |               |            | NC                           | Not Connected |             |         |            |      |                     |                      |         |            |           |          |      |                  |              |                   |              |
| V9         |               |            | NC                           | Not Connected |             |         |            |      |                     |                      |         |            |           |          |      |                  |              |                   |              |
| V10        |               |            | VCCINT                       | VCCINT        |             |         |            |      |                     |                      |         |            |           |          |      |                  |              |                   |              |
| V11        |               | Dedicated  | INIT_B_0                     | Config        |             |       0 |            |      |                     |                      |         |            |           |          |      |                  |              |                   |              |
| V12        |               |            | VCCINT                       | VCCINT        |             |         |            |      |                     |                      |         |            |           |          |      |                  |              |                   |              |
| V13        |               |            | GND                          | GND           |             |         |            |      |                     |                      |     0.0 |            |           |          |      |                  |              |                   |              |
| V14        | busOUT[3]     | High Range | IO_L23N_T3_13                | TRISTATE      | LVCMOS18*   |      13 |         12 | SLOW |                     |            FP_VTT_50 |         | UNFIXED    |           |          |      | NONE             |              |                   |              |
| V15        |               |            | GND                          | GND           |             |         |            |      |                     |                      |     0.0 |            |           |          |      |                  |              |                   |              |
| V16        | busOUT[2]     | High Range | IO_L24P_T3_13                | TRISTATE      | LVCMOS18*   |      13 |         12 | SLOW |                     |            FP_VTT_50 |         | UNFIXED    |           |          |      | NONE             |              |                   |              |
| V17        | busOUT[1]     | High Range | IO_L24N_T3_13                | TRISTATE      | LVCMOS18*   |      13 |         12 | SLOW |                     |            FP_VTT_50 |         | UNFIXED    |           |          |      | NONE             |              |                   |              |
| V18        | busOUT[12]    | High Range | IO_L19P_T3_13                | TRISTATE      | LVCMOS18*   |      13 |         12 | SLOW |                     |            FP_VTT_50 |         | UNFIXED    |           |          |      | NONE             |              |                   |              |
| V19        | busOUT[14]    | High Range | IO_L18P_T2_13                | TRISTATE      | LVCMOS18*   |      13 |         12 | SLOW |                     |            FP_VTT_50 |         | UNFIXED    |           |          |      | NONE             |              |                   |              |
| V20        |               | High Range | VCCO_13                      | VCCO          |             |      13 |            |      |                     |                      |    1.80 |            |           |          |      |                  |              |                   |              |
| V21        | busOUT[23]    | High Range | IO_L13N_T2_MRCC_13           | TRISTATE      | LVCMOS18*   |      13 |         12 | SLOW |                     |            FP_VTT_50 |         | UNFIXED    |           |          |      | NONE             |              |                   |              |
| V22        | busOUT[25]    | High Range | IO_L12N_T1_MRCC_13           | TRISTATE      | LVCMOS18*   |      13 |         12 | SLOW |                     |            FP_VTT_50 |         | UNFIXED    |           |          |      | NONE             |              |                   |              |
| V23        | FSMCommand[1] | High Range | IO_L10P_T1_13                | OUTPUT        | LVCMOS18*   |      13 |         12 | SLOW |                     |            FP_VTT_50 |         | UNFIXED    |           |          |      | NONE             |              |                   |              |
| V24        | FSMState[4]   | High Range | IO_L6P_T0_13                 | OUTPUT        | LVCMOS18*   |      13 |         12 | SLOW |                     |            FP_VTT_50 |         | UNFIXED    |           |          |      | NONE             |              |                   |              |
| V25        |               |            | GND                          | GND           |             |         |            |      |                     |                      |     0.0 |            |           |          |      |                  |              |                   |              |
| V26        |               | High Range | IO_L2P_T0_13                 | User IO       |             |      13 |            |      |                     |                      |         |            |           |          |      |                  |              |                   |              |
| W1         |               |            | NC                           | Not Connected |             |         |            |      |                     |                      |         |            |           |          |      |                  |              |                   |              |
| W2         |               |            | GND                          | GND           |             |         |            |      |                     |                      |     0.0 |            |           |          |      |                  |              |                   |              |
| W3         |               |            | NC                           | Not Connected |             |         |            |      |                     |                      |         |            |           |          |      |                  |              |                   |              |
| W4         |               |            | NC                           | Not Connected |             |         |            |      |                     |                      |         |            |           |          |      |                  |              |                   |              |
| W5         |               |            | NC                           | Not Connected |             |         |            |      |                     |                      |         |            |           |          |      |                  |              |                   |              |
| W6         |               |            | NC                           | Not Connected |             |         |            |      |                     |                      |         |            |           |          |      |                  |              |                   |              |
| W7         |               | Dedicated  | VCCO_33                      | VCCO          |             |      33 |            |      |                     |                      |   any** |            |           |          |      |                  |              |                   |              |
| W8         |               |            | NC                           | Not Connected |             |         |            |      |                     |                      |         |            |           |          |      |                  |              |                   |              |
| W9         |               | Dedicated  | M2_0                         | Config        |             |       0 |            |      |                     |                      |         |            |           |          |      |                  |              |                   |              |
| W10        |               | Dedicated  | DONE_0                       | Config        |             |       0 |            |      |                     |                      |         |            |           |          |      |                  |              |                   |              |
| W11        |               | Dedicated  | VCCO_0                       | VCCO          |             |       0 |            |      |                     |                      |   any** |            |           |          |      |                  |              |                   |              |
| W12        |               |            | GND                          | GND           |             |         |            |      |                     |                      |     0.0 |            |           |          |      |                  |              |                   |              |
| W13        |               |            | VCCBRAM                      | VCCBRAM       |             |         |            |      |                     |                      |         |            |           |          |      |                  |              |                   |              |
| W14        |               |            | NC                           | Not Connected |             |         |            |      |                     |                      |         |            |           |          |      |                  |              |                   |              |
| W15        |               |            | NC                           | Not Connected |             |         |            |      |                     |                      |         |            |           |          |      |                  |              |                   |              |
| W16        |               |            | NC                           | Not Connected |             |         |            |      |                     |                      |         |            |           |          |      |                  |              |                   |              |
| W17        |               | Dedicated  | VCCO_12                      | VCCO          |             |      12 |            |      |                     |                      |   any** |            |           |          |      |                  |              |                   |              |
| W18        | busOUT[11]    | High Range | IO_L19N_T3_VREF_13           | TRISTATE      | LVCMOS18*   |      13 |         12 | SLOW |                     |            FP_VTT_50 |         | UNFIXED    |           |          |      | NONE             |              |                   |              |
| W19        | busOUT[13]    | High Range | IO_L18N_T2_13                | TRISTATE      | LVCMOS18*   |      13 |         12 | SLOW |                     |            FP_VTT_50 |         | UNFIXED    |           |          |      | NONE             |              |                   |              |
| W20        | busOUT[18]    | High Range | IO_L16P_T2_13                | TRISTATE      | LVCMOS18*   |      13 |         12 | SLOW |                     |            FP_VTT_50 |         | UNFIXED    |           |          |      | NONE             |              |                   |              |
| W21        | busOUT[22]    | High Range | IO_L14P_T2_SRCC_13           | TRISTATE      | LVCMOS18*   |      13 |         12 | SLOW |                     |            FP_VTT_50 |         | UNFIXED    |           |          |      | NONE             |              |                   |              |
| W22        |               |            | GND                          | GND           |             |         |            |      |                     |                      |     0.0 |            |           |          |      |                  |              |                   |              |
| W23        | FSMCommand[0] | High Range | IO_L10N_T1_13                | OUTPUT        | LVCMOS18*   |      13 |         12 | SLOW |                     |            FP_VTT_50 |         | UNFIXED    |           |          |      | NONE             |              |                   |              |
| W24        | FSMState[3]   | High Range | IO_L6N_T0_VREF_13            | OUTPUT        | LVCMOS18*   |      13 |         12 | SLOW |                     |            FP_VTT_50 |         | UNFIXED    |           |          |      | NONE             |              |                   |              |
| W25        | busType[1]    | High Range | IO_L4P_T0_13                 | INPUT         | LVCMOS18*   |      13 |            |      |                     |                 NONE |         | UNFIXED    |           |          |      | NONE             |              |                   |              |
| W26        | start         | High Range | IO_L2N_T0_13                 | INPUT         | LVCMOS18*   |      13 |            |      |                     |                 NONE |         | UNFIXED    |           |          |      | NONE             |              |                   |              |
| Y1         |               |            | NC                           | Not Connected |             |         |            |      |                     |                      |         |            |           |          |      |                  |              |                   |              |
| Y2         |               |            | NC                           | Not Connected |             |         |            |      |                     |                      |         |            |           |          |      |                  |              |                   |              |
| Y3         |               |            | NC                           | Not Connected |             |         |            |      |                     |                      |         |            |           |          |      |                  |              |                   |              |
| Y4         |               | Dedicated  | VCCO_33                      | VCCO          |             |      33 |            |      |                     |                      |   any** |            |           |          |      |                  |              |                   |              |
| Y5         |               |            | NC                           | Not Connected |             |         |            |      |                     |                      |         |            |           |          |      |                  |              |                   |              |
| Y6         |               |            | NC                           | Not Connected |             |         |            |      |                     |                      |         |            |           |          |      |                  |              |                   |              |
| Y7         |               |            | NC                           | Not Connected |             |         |            |      |                     |                      |         |            |           |          |      |                  |              |                   |              |
| Y8         |               |            | NC                           | Not Connected |             |         |            |      |                     |                      |         |            |           |          |      |                  |              |                   |              |
| Y9         |               | Dedicated  | M1_0                         | Config        |             |       0 |            |      |                     |                      |         |            |           |          |      |                  |              |                   |              |
| Y10        |               |            | GND                          | GND           |             |         |            |      |                     |                      |     0.0 |            |           |          |      |                  |              |                   |              |
| Y11        |               |            | GND                          | GND           |             |         |            |      |                     |                      |     0.0 |            |           |          |      |                  |              |                   |              |
| Y12        |               |            | GND                          | GND           |             |         |            |      |                     |                      |     0.0 |            |           |          |      |                  |              |                   |              |
| Y13        |               |            | GND                          | GND           |             |         |            |      |                     |                      |     0.0 |            |           |          |      |                  |              |                   |              |
| Y14        |               | Dedicated  | VCCO_0                       | VCCO          |             |       0 |            |      |                     |                      |   any** |            |           |          |      |                  |              |                   |              |
| Y15        |               |            | NC                           | Not Connected |             |         |            |      |                     |                      |         |            |           |          |      |                  |              |                   |              |
| Y16        |               |            | NC                           | Not Connected |             |         |            |      |                     |                      |         |            |           |          |      |                  |              |                   |              |
| Y17        |               |            | NC                           | Not Connected |             |         |            |      |                     |                      |         |            |           |          |      |                  |              |                   |              |
| Y18        |               |            | NC                           | Not Connected |             |         |            |      |                     |                      |         |            |           |          |      |                  |              |                   |              |
| Y19        |               |            | GND                          | GND           |             |         |            |      |                     |                      |     0.0 |            |           |          |      |                  |              |                   |              |
| Y20        | busOUT[17]    | High Range | IO_L16N_T2_13                | TRISTATE      | LVCMOS18*   |      13 |         12 | SLOW |                     |            FP_VTT_50 |         | UNFIXED    |           |          |      | NONE             |              |                   |              |
| Y21        | busOUT[21]    | High Range | IO_L14N_T2_SRCC_13           | TRISTATE      | LVCMOS18*   |      13 |         12 | SLOW |                     |            FP_VTT_50 |         | UNFIXED    |           |          |      | NONE             |              |                   |              |
| Y22        | clk           | High Range | IO_L11P_T1_SRCC_13           | INPUT         | LVCMOS18*   |      13 |            |      |                     |                 NONE |         | UNFIXED    |           |          |      | NONE             |              |                   |              |
| Y23        | busOUT[27]    | High Range | IO_L11N_T1_SRCC_13           | TRISTATE      | LVCMOS18*   |      13 |         12 | SLOW |                     |            FP_VTT_50 |         | UNFIXED    |           |          |      | NONE             |              |                   |              |
| Y24        |               | High Range | VCCO_13                      | VCCO          |             |      13 |            |      |                     |                      |    1.80 |            |           |          |      |                  |              |                   |              |
| Y25        | busOutEnable  | High Range | IO_L5P_T0_13                 | OUTPUT        | LVCMOS18*   |      13 |         12 | SLOW |                     |            FP_VTT_50 |         | UNFIXED    |           |          |      | NONE             |              |                   |              |
| Y26        | busType[0]    | High Range | IO_L4N_T0_13                 | INPUT         | LVCMOS18*   |      13 |            |      |                     |                 NONE |         | UNFIXED    |           |          |      | NONE             |              |                   |              |
+------------+---------------+------------+------------------------------+---------------+-------------+---------+------------+------+---------------------+----------------------+---------+------------+-----------+----------+------+------------------+--------------+-------------------+--------------+
* Default value
** Special VCCO requirements may apply. Please consult the device family datasheet for specific guideline on VCCO requirements.


