Copyright 1986-2022 Xilinx, Inc. All Rights Reserved. Copyright 2022-2025 Advanced Micro Devices, Inc. All Rights Reserved.
---------------------------------------------------------------------------------------------------------------------------------------------------------------------------------------------------------------------------
| Tool Version : Vivado v.2025.2 (win64) Build 6299465 Fri Nov 14 19:35:11 GMT 2025
| Date         : Sat Jun 27 21:30:52 2026
| Host         : Dell-3793 running 64-bit major release  (build 9200)
| Command      : report_timing_summary -max_paths 10 -routable_nets -report_unconstrained -file ASCON_timing_summary_routed.rpt -pb ASCON_timing_summary_routed.pb -rpx ASCON_timing_summary_routed.rpx -warn_on_violation
| Design       : ASCON
| Device       : 7a75t-fgg676
| Speed File   : -1  PRODUCTION 1.23 2018-06-13
| Design State : Routed
---------------------------------------------------------------------------------------------------------------------------------------------------------------------------------------------------------------------------

Timing Summary Report

------------------------------------------------------------------------------------------------
| Timer Settings
| --------------
------------------------------------------------------------------------------------------------

  Enable Multi Corner Analysis               :  Yes
  Enable Pessimism Removal                   :  Yes
  Pessimism Removal Resolution               :  Nearest Common Node
  Enable Input Delay Default Clock           :  No
  Enable Preset / Clear Arcs                 :  No
  Disable Flight Delays                      :  No
  Ignore I/O Paths                           :  No
  Timing Early Launch at Borrowing Latches   :  No
  Borrow Time for Max Delay Exceptions       :  Yes
  Merge Timing Exceptions                    :  Yes
  Inter-SLR Compensation                     :  Conservative

  Corner  Analyze    Analyze    
  Name    Max Paths  Min Paths  
  ------  ---------  ---------  
  Slow    Yes        Yes        
  Fast    Yes        Yes        


------------------------------------------------------------------------------------------------
| Report Methodology
| ------------------
------------------------------------------------------------------------------------------------

Rule       Severity  Description                    Violations  
---------  --------  -----------------------------  ----------  
TIMING-18  Warning   Missing input or output delay  273         

Note: This report is based on the most recent report_methodology run and may not be up-to-date. Run report_methodology on the current design for the latest report.



check_timing report

Table of Contents
-----------------
1. checking no_clock (0)
2. checking constant_clock (0)
3. checking pulse_width_clock (0)
4. checking unconstrained_internal_endpoints (0)
5. checking no_input_delay (133)
6. checking no_output_delay (140)
7. checking multiple_clock (0)
8. checking generated_clocks (0)
9. checking loops (0)
10. checking partial_input_delay (0)
11. checking partial_output_delay (0)
12. checking latch_loops (0)

1. checking no_clock (0)
------------------------
 There are 0 register/latch pins with no clock.


2. checking constant_clock (0)
------------------------------
 There are 0 register/latch pins with constant_clock.


3. checking pulse_width_clock (0)
---------------------------------
 There are 0 register/latch pins which need pulse_width check


4. checking unconstrained_internal_endpoints (0)
------------------------------------------------
 There are 0 pins that are not constrained for maximum delay.

 There are 0 pins that are not constrained for maximum delay due to constant clock.


5. checking no_input_delay (133)
--------------------------------
 There are 133 input ports with no input delay specified. (HIGH)

 There are 0 input ports with no input delay but user has a false path constraint.


6. checking no_output_delay (140)
---------------------------------
 There are 140 ports with no output delay specified. (HIGH)

 There are 0 ports with no output delay but user has a false path constraint

 There are 0 ports with no output delay but with a timing clock defined on it or propagating through it


7. checking multiple_clock (0)
------------------------------
 There are 0 register/latch pins with multiple clocks.


8. checking generated_clocks (0)
--------------------------------
 There are 0 generated clocks that are not connected to a clock source.


9. checking loops (0)
---------------------
 There are 0 combinational loops in the design.


10. checking partial_input_delay (0)
------------------------------------
 There are 0 input ports with partial input delay specified.


11. checking partial_output_delay (0)
-------------------------------------
 There are 0 ports with partial output delay specified.


12. checking latch_loops (0)
----------------------------
 There are 0 combinational latch loops in the design through latch input



------------------------------------------------------------------------------------------------
| Design Timing Summary
| ---------------------
------------------------------------------------------------------------------------------------

    WNS(ns)      TNS(ns)  TNS Failing Endpoints  TNS Total Endpoints      WHS(ns)      THS(ns)  THS Failing Endpoints  THS Total Endpoints     WPWS(ns)     TPWS(ns)  TPWS Failing Endpoints  TPWS Total Endpoints  
    -------      -------  ---------------------  -------------------      -------      -------  ---------------------  -------------------     --------     --------  ----------------------  --------------------  
      0.402        0.000                      0                 1356        0.152        0.000                      0                 1356        2.000        0.000                       0                   874  


All user specified timing constraints are met.


------------------------------------------------------------------------------------------------
| Clock Summary
| -------------
------------------------------------------------------------------------------------------------

Clock  Waveform(ns)         Period(ns)      Frequency(MHz)
-----  ------------         ----------      --------------
clk    {0.000 2.500}        5.000           200.000         


------------------------------------------------------------------------------------------------
| Intra Clock Table
| -----------------
------------------------------------------------------------------------------------------------

Clock             WNS(ns)      TNS(ns)  TNS Failing Endpoints  TNS Total Endpoints      WHS(ns)      THS(ns)  THS Failing Endpoints  THS Total Endpoints     WPWS(ns)     TPWS(ns)  TPWS Failing Endpoints  TPWS Total Endpoints  
-----             -------      -------  ---------------------  -------------------      -------      -------  ---------------------  -------------------     --------     --------  ----------------------  --------------------  
clk                 0.402        0.000                      0                 1356        0.152        0.000                      0                 1356        2.000        0.000                       0                   874  


------------------------------------------------------------------------------------------------
| Inter Clock Table
| -----------------
------------------------------------------------------------------------------------------------

From Clock    To Clock          WNS(ns)      TNS(ns)  TNS Failing Endpoints  TNS Total Endpoints      WHS(ns)      THS(ns)  THS Failing Endpoints  THS Total Endpoints  
----------    --------          -------      -------  ---------------------  -------------------      -------      -------  ---------------------  -------------------  


------------------------------------------------------------------------------------------------
| Other Path Groups Table
| -----------------------
------------------------------------------------------------------------------------------------

Path Group    From Clock    To Clock          WNS(ns)      TNS(ns)  TNS Failing Endpoints  TNS Total Endpoints      WHS(ns)      THS(ns)  THS Failing Endpoints  THS Total Endpoints  
----------    ----------    --------          -------      -------  ---------------------  -------------------      -------      -------  ---------------------  -------------------  


------------------------------------------------------------------------------------------------
| User Ignored Path Table
| -----------------------
------------------------------------------------------------------------------------------------

Path Group    From Clock    To Clock    
----------    ----------    --------    


------------------------------------------------------------------------------------------------
| Unconstrained Path Table
| ------------------------
------------------------------------------------------------------------------------------------

Path Group    From Clock    To Clock    
----------    ----------    --------    
(none)                                    
(none)        clk                         
(none)                      clk           


------------------------------------------------------------------------------------------------
| Timing Details
| --------------
------------------------------------------------------------------------------------------------


---------------------------------------------------------------------------------------------------
From Clock:  clk
  To Clock:  clk

Setup :            0  Failing Endpoints,  Worst Slack        0.402ns,  Total Violation        0.000ns
Hold  :            0  Failing Endpoints,  Worst Slack        0.152ns,  Total Violation        0.000ns
PW    :            0  Failing Endpoints,  Worst Slack        2.000ns,  Total Violation        0.000ns
---------------------------------------------------------------------------------------------------


Max Delay Paths
--------------------------------------------------------------------------------------
Slack (MET) :             0.402ns  (required time - arrival time)
  Source:                 FSMAscon/FSMCommand_reg[3]_rep__2/C
                            (rising edge-triggered cell FDRE clocked by clk  {rise@0.000ns fall@2.500ns period=5.000ns})
  Destination:            state_reg[123]/D
                            (rising edge-triggered cell FDRE clocked by clk  {rise@0.000ns fall@2.500ns period=5.000ns})
  Path Group:             clk
  Path Type:              Setup (Max at Slow Process Corner)
  Requirement:            5.000ns  (clk rise@5.000ns - clk rise@0.000ns)
  Data Path Delay:        4.466ns  (logic 0.580ns (12.986%)  route 3.886ns (87.014%))
  Logic Levels:           1  (LUT6=1)
  Clock Path Skew:        -0.125ns (DCD - SCD + CPR)
    Destination Clock Delay (DCD):    4.646ns = ( 9.646 - 5.000 ) 
    Source Clock Delay      (SCD):    5.108ns
    Clock Pessimism Removal (CPR):    0.337ns
  Clock Uncertainty:      0.035ns  ((TSJ^2 + TIJ^2)^1/2 + DJ) / 2 + PE
    Total System Jitter     (TSJ):    0.071ns
    Total Input Jitter      (TIJ):    0.000ns
    Discrete Jitter          (DJ):    0.000ns
    Phase Error              (PE):    0.000ns

    Location             Delay type                Incr(ns)  Path(ns)    Netlist Resource(s)
  -------------------------------------------------------------------    -------------------
                         (clock clk rise edge)        0.000     0.000 r  
    Y22                                               0.000     0.000 r  clk (IN)
                         net (fo=0)                   0.000     0.000    clk
    Y22                  IBUF (Prop_ibuf_I_O)         0.988     0.988 r  clk_IBUF_inst/O
                         net (fo=1, routed)           2.324     3.312    clk_IBUF
    BUFGCTRL_X0Y0        BUFG (Prop_bufg_I_O)         0.096     3.408 r  clk_IBUF_BUFG_inst/O
                         net (fo=873, routed)         1.700     5.108    FSMAscon/clk_IBUF_BUFG
    SLICE_X3Y118         FDRE                                         r  FSMAscon/FSMCommand_reg[3]_rep__2/C
  -------------------------------------------------------------------    -------------------
    SLICE_X3Y118         FDRE (Prop_fdre_C_Q)         0.456     5.564 f  FSMAscon/FSMCommand_reg[3]_rep__2/Q
                         net (fo=65, routed)          3.886     9.450    FSMAscon/FSMCommand_reg[3]_rep__2_n_0
    SLICE_X9Y122         LUT6 (Prop_lut6_I1_O)        0.124     9.574 r  FSMAscon/state[123]_i_1/O
                         net (fo=1, routed)           0.000     9.574    p_1_in[123]
    SLICE_X9Y122         FDRE                                         r  state_reg[123]/D
  -------------------------------------------------------------------    -------------------

                         (clock clk rise edge)        5.000     5.000 r  
    Y22                                               0.000     5.000 r  clk (IN)
                         net (fo=0)                   0.000     5.000    clk
    Y22                  IBUF (Prop_ibuf_I_O)         0.855     5.855 r  clk_IBUF_inst/O
                         net (fo=1, routed)           2.204     8.059    clk_IBUF
    BUFGCTRL_X0Y0        BUFG (Prop_bufg_I_O)         0.091     8.150 r  clk_IBUF_BUFG_inst/O
                         net (fo=873, routed)         1.497     9.646    clk_IBUF_BUFG
    SLICE_X9Y122         FDRE                                         r  state_reg[123]/C
                         clock pessimism              0.337     9.983    
                         clock uncertainty           -0.035     9.948    
    SLICE_X9Y122         FDRE (Setup_fdre_C_D)        0.029     9.977    state_reg[123]
  -------------------------------------------------------------------
                         required time                          9.977    
                         arrival time                          -9.574    
  -------------------------------------------------------------------
                         slack                                  0.402    

Slack (MET) :             0.425ns  (required time - arrival time)
  Source:                 FSMAscon/FSMCommand_reg[3]_rep__2/C
                            (rising edge-triggered cell FDRE clocked by clk  {rise@0.000ns fall@2.500ns period=5.000ns})
  Destination:            state_reg[72]/D
                            (rising edge-triggered cell FDRE clocked by clk  {rise@0.000ns fall@2.500ns period=5.000ns})
  Path Group:             clk
  Path Type:              Setup (Max at Slow Process Corner)
  Requirement:            5.000ns  (clk rise@5.000ns - clk rise@0.000ns)
  Data Path Delay:        4.492ns  (logic 0.580ns (12.913%)  route 3.912ns (87.087%))
  Logic Levels:           1  (LUT6=1)
  Clock Path Skew:        -0.125ns (DCD - SCD + CPR)
    Destination Clock Delay (DCD):    4.646ns = ( 9.646 - 5.000 ) 
    Source Clock Delay      (SCD):    5.108ns
    Clock Pessimism Removal (CPR):    0.337ns
  Clock Uncertainty:      0.035ns  ((TSJ^2 + TIJ^2)^1/2 + DJ) / 2 + PE
    Total System Jitter     (TSJ):    0.071ns
    Total Input Jitter      (TIJ):    0.000ns
    Discrete Jitter          (DJ):    0.000ns
    Phase Error              (PE):    0.000ns

    Location             Delay type                Incr(ns)  Path(ns)    Netlist Resource(s)
  -------------------------------------------------------------------    -------------------
                         (clock clk rise edge)        0.000     0.000 r  
    Y22                                               0.000     0.000 r  clk (IN)
                         net (fo=0)                   0.000     0.000    clk
    Y22                  IBUF (Prop_ibuf_I_O)         0.988     0.988 r  clk_IBUF_inst/O
                         net (fo=1, routed)           2.324     3.312    clk_IBUF
    BUFGCTRL_X0Y0        BUFG (Prop_bufg_I_O)         0.096     3.408 r  clk_IBUF_BUFG_inst/O
                         net (fo=873, routed)         1.700     5.108    FSMAscon/clk_IBUF_BUFG
    SLICE_X3Y118         FDRE                                         r  FSMAscon/FSMCommand_reg[3]_rep__2/C
  -------------------------------------------------------------------    -------------------
    SLICE_X3Y118         FDRE (Prop_fdre_C_Q)         0.456     5.564 f  FSMAscon/FSMCommand_reg[3]_rep__2/Q
                         net (fo=65, routed)          3.912     9.476    FSMAscon/FSMCommand_reg[3]_rep__2_n_0
    SLICE_X12Y122        LUT6 (Prop_lut6_I1_O)        0.124     9.600 r  FSMAscon/state[72]_i_1/O
                         net (fo=1, routed)           0.000     9.600    p_1_in[72]
    SLICE_X12Y122        FDRE                                         r  state_reg[72]/D
  -------------------------------------------------------------------    -------------------

                         (clock clk rise edge)        5.000     5.000 r  
    Y22                                               0.000     5.000 r  clk (IN)
                         net (fo=0)                   0.000     5.000    clk
    Y22                  IBUF (Prop_ibuf_I_O)         0.855     5.855 r  clk_IBUF_inst/O
                         net (fo=1, routed)           2.204     8.059    clk_IBUF
    BUFGCTRL_X0Y0        BUFG (Prop_bufg_I_O)         0.091     8.150 r  clk_IBUF_BUFG_inst/O
                         net (fo=873, routed)         1.497     9.646    clk_IBUF_BUFG
    SLICE_X12Y122        FDRE                                         r  state_reg[72]/C
                         clock pessimism              0.337     9.983    
                         clock uncertainty           -0.035     9.948    
    SLICE_X12Y122        FDRE (Setup_fdre_C_D)        0.077    10.025    state_reg[72]
  -------------------------------------------------------------------
                         required time                         10.025    
                         arrival time                          -9.600    
  -------------------------------------------------------------------
                         slack                                  0.425    

Slack (MET) :             0.479ns  (required time - arrival time)
  Source:                 state_reg[30]/C
                            (rising edge-triggered cell FDRE clocked by clk  {rise@0.000ns fall@2.500ns period=5.000ns})
  Destination:            state_reg[11]/D
                            (rising edge-triggered cell FDRE clocked by clk  {rise@0.000ns fall@2.500ns period=5.000ns})
  Path Group:             clk
  Path Type:              Setup (Max at Slow Process Corner)
  Requirement:            5.000ns  (clk rise@5.000ns - clk rise@0.000ns)
  Data Path Delay:        4.505ns  (logic 1.310ns (29.082%)  route 3.195ns (70.918%))
  Logic Levels:           3  (LUT3=1 LUT5=1 LUT6=1)
  Clock Path Skew:        -0.058ns (DCD - SCD + CPR)
    Destination Clock Delay (DCD):    4.645ns = ( 9.645 - 5.000 ) 
    Source Clock Delay      (SCD):    5.040ns
    Clock Pessimism Removal (CPR):    0.337ns
  Clock Uncertainty:      0.035ns  ((TSJ^2 + TIJ^2)^1/2 + DJ) / 2 + PE
    Total System Jitter     (TSJ):    0.071ns
    Total Input Jitter      (TIJ):    0.000ns
    Discrete Jitter          (DJ):    0.000ns
    Phase Error              (PE):    0.000ns

    Location             Delay type                Incr(ns)  Path(ns)    Netlist Resource(s)
  -------------------------------------------------------------------    -------------------
                         (clock clk rise edge)        0.000     0.000 r  
    Y22                                               0.000     0.000 r  clk (IN)
                         net (fo=0)                   0.000     0.000    clk
    Y22                  IBUF (Prop_ibuf_I_O)         0.988     0.988 r  clk_IBUF_inst/O
                         net (fo=1, routed)           2.324     3.312    clk_IBUF
    BUFGCTRL_X0Y0        BUFG (Prop_bufg_I_O)         0.096     3.408 r  clk_IBUF_BUFG_inst/O
                         net (fo=873, routed)         1.632     5.040    clk_IBUF_BUFG
    SLICE_X9Y143         FDRE                                         r  state_reg[30]/C
  -------------------------------------------------------------------    -------------------
    SLICE_X9Y143         FDRE (Prop_fdre_C_Q)         0.456     5.496 r  state_reg[30]/Q
                         net (fo=11, routed)          1.170     6.666    p_2_in[30]
    SLICE_X8Y139         LUT5 (Prop_lut5_I2_O)        0.150     6.816 r  SBoxGenerate[30].SBoxEntity/state[30]_i_5/O
                         net (fo=3, routed)           1.336     8.152    SBoxState[30]
    SLICE_X8Y129         LUT3 (Prop_lut3_I0_O)        0.356     8.508 r  state[11]_i_3/O
                         net (fo=1, routed)           0.689     9.196    FSMAscon/state_reg[319]_0[11]
    SLICE_X12Y123        LUT6 (Prop_lut6_I3_O)        0.348     9.544 r  FSMAscon/state[11]_i_1/O
                         net (fo=1, routed)           0.000     9.544    p_1_in[11]
    SLICE_X12Y123        FDRE                                         r  state_reg[11]/D
  -------------------------------------------------------------------    -------------------

                         (clock clk rise edge)        5.000     5.000 r  
    Y22                                               0.000     5.000 r  clk (IN)
                         net (fo=0)                   0.000     5.000    clk
    Y22                  IBUF (Prop_ibuf_I_O)         0.855     5.855 r  clk_IBUF_inst/O
                         net (fo=1, routed)           2.204     8.059    clk_IBUF
    BUFGCTRL_X0Y0        BUFG (Prop_bufg_I_O)         0.091     8.150 r  clk_IBUF_BUFG_inst/O
                         net (fo=873, routed)         1.496     9.645    clk_IBUF_BUFG
    SLICE_X12Y123        FDRE                                         r  state_reg[11]/C
                         clock pessimism              0.337     9.982    
                         clock uncertainty           -0.035     9.947    
    SLICE_X12Y123        FDRE (Setup_fdre_C_D)        0.077    10.024    state_reg[11]
  -------------------------------------------------------------------
                         required time                         10.024    
                         arrival time                          -9.544    
  -------------------------------------------------------------------
                         slack                                  0.479    

Slack (MET) :             0.503ns  (required time - arrival time)
  Source:                 state_reg[210]/C
                            (rising edge-triggered cell FDRE clocked by clk  {rise@0.000ns fall@2.500ns period=5.000ns})
  Destination:            state_reg[200]/D
                            (rising edge-triggered cell FDRE clocked by clk  {rise@0.000ns fall@2.500ns period=5.000ns})
  Path Group:             clk
  Path Type:              Setup (Max at Slow Process Corner)
  Requirement:            5.000ns  (clk rise@5.000ns - clk rise@0.000ns)
  Data Path Delay:        4.496ns  (logic 1.266ns (28.157%)  route 3.230ns (71.843%))
  Logic Levels:           4  (LUT3=1 LUT5=1 LUT6=2)
  Clock Path Skew:        -0.042ns (DCD - SCD + CPR)
    Destination Clock Delay (DCD):    4.649ns = ( 9.649 - 5.000 ) 
    Source Clock Delay      (SCD):    5.028ns
    Clock Pessimism Removal (CPR):    0.337ns
  Clock Uncertainty:      0.035ns  ((TSJ^2 + TIJ^2)^1/2 + DJ) / 2 + PE
    Total System Jitter     (TSJ):    0.071ns
    Total Input Jitter      (TIJ):    0.000ns
    Discrete Jitter          (DJ):    0.000ns
    Phase Error              (PE):    0.000ns

    Location             Delay type                Incr(ns)  Path(ns)    Netlist Resource(s)
  -------------------------------------------------------------------    -------------------
                         (clock clk rise edge)        0.000     0.000 r  
    Y22                                               0.000     0.000 r  clk (IN)
                         net (fo=0)                   0.000     0.000    clk
    Y22                  IBUF (Prop_ibuf_I_O)         0.988     0.988 r  clk_IBUF_inst/O
                         net (fo=1, routed)           2.324     3.312    clk_IBUF
    BUFGCTRL_X0Y0        BUFG (Prop_bufg_I_O)         0.096     3.408 r  clk_IBUF_BUFG_inst/O
                         net (fo=873, routed)         1.620     5.028    clk_IBUF_BUFG
    SLICE_X14Y130        FDRE                                         r  state_reg[210]/C
  -------------------------------------------------------------------    -------------------
    SLICE_X14Y130        FDRE (Prop_fdre_C_Q)         0.518     5.546 r  state_reg[210]/Q
                         net (fo=11, routed)          0.997     6.543    x[18]
    SLICE_X12Y132        LUT5 (Prop_lut5_I3_O)        0.152     6.695 r  SBoxGenerate[18].SBoxEntity/state[210]_i_5/O
                         net (fo=3, routed)           1.009     7.704    SBoxState[210]
    SLICE_X12Y130        LUT3 (Prop_lut3_I0_O)        0.348     8.052 r  state[200]_i_4/O
                         net (fo=1, routed)           0.772     8.824    FSMAscon/state_reg[319]_0[173]
    SLICE_X12Y120        LUT6 (Prop_lut6_I1_O)        0.124     8.948 r  FSMAscon/state[200]_i_2/O
                         net (fo=1, routed)           0.452     9.400    FSMAscon/state[200]_i_2_n_0
    SLICE_X12Y120        LUT6 (Prop_lut6_I0_O)        0.124     9.524 r  FSMAscon/state[200]_i_1/O
                         net (fo=1, routed)           0.000     9.524    p_1_in[200]
    SLICE_X12Y120        FDRE                                         r  state_reg[200]/D
  -------------------------------------------------------------------    -------------------

                         (clock clk rise edge)        5.000     5.000 r  
    Y22                                               0.000     5.000 r  clk (IN)
                         net (fo=0)                   0.000     5.000    clk
    Y22                  IBUF (Prop_ibuf_I_O)         0.855     5.855 r  clk_IBUF_inst/O
                         net (fo=1, routed)           2.204     8.059    clk_IBUF
    BUFGCTRL_X0Y0        BUFG (Prop_bufg_I_O)         0.091     8.150 r  clk_IBUF_BUFG_inst/O
                         net (fo=873, routed)         1.500     9.649    clk_IBUF_BUFG
    SLICE_X12Y120        FDRE                                         r  state_reg[200]/C
                         clock pessimism              0.337     9.986    
                         clock uncertainty           -0.035     9.951    
    SLICE_X12Y120        FDRE (Setup_fdre_C_D)        0.077    10.028    state_reg[200]
  -------------------------------------------------------------------
                         required time                         10.028    
                         arrival time                          -9.524    
  -------------------------------------------------------------------
                         slack                                  0.503    

Slack (MET) :             0.507ns  (required time - arrival time)
  Source:                 FSMAscon/round_reg[3]/C
                            (rising edge-triggered cell FDRE clocked by clk  {rise@0.000ns fall@2.500ns period=5.000ns})
  Destination:            state_reg[192]/D
                            (rising edge-triggered cell FDRE clocked by clk  {rise@0.000ns fall@2.500ns period=5.000ns})
  Path Group:             clk
  Path Type:              Setup (Max at Slow Process Corner)
  Requirement:            5.000ns  (clk rise@5.000ns - clk rise@0.000ns)
  Data Path Delay:        4.453ns  (logic 1.272ns (28.564%)  route 3.181ns (71.436%))
  Logic Levels:           5  (LUT3=1 LUT4=1 LUT5=1 LUT6=2)
  Clock Path Skew:        -0.035ns (DCD - SCD + CPR)
    Destination Clock Delay (DCD):    4.726ns = ( 9.726 - 5.000 ) 
    Source Clock Delay      (SCD):    5.098ns
    Clock Pessimism Removal (CPR):    0.337ns
  Clock Uncertainty:      0.035ns  ((TSJ^2 + TIJ^2)^1/2 + DJ) / 2 + PE
    Total System Jitter     (TSJ):    0.071ns
    Total Input Jitter      (TIJ):    0.000ns
    Discrete Jitter          (DJ):    0.000ns
    Phase Error              (PE):    0.000ns

    Location             Delay type                Incr(ns)  Path(ns)    Netlist Resource(s)
  -------------------------------------------------------------------    -------------------
                         (clock clk rise edge)        0.000     0.000 r  
    Y22                                               0.000     0.000 r  clk (IN)
                         net (fo=0)                   0.000     0.000    clk
    Y22                  IBUF (Prop_ibuf_I_O)         0.988     0.988 r  clk_IBUF_inst/O
                         net (fo=1, routed)           2.324     3.312    clk_IBUF
    BUFGCTRL_X0Y0        BUFG (Prop_bufg_I_O)         0.096     3.408 r  clk_IBUF_BUFG_inst/O
                         net (fo=873, routed)         1.690     5.098    FSMAscon/clk_IBUF_BUFG
    SLICE_X5Y124         FDRE                                         r  FSMAscon/round_reg[3]/C
  -------------------------------------------------------------------    -------------------
    SLICE_X5Y124         FDRE (Prop_fdre_C_Q)         0.456     5.554 r  FSMAscon/round_reg[3]/Q
                         net (fo=18, routed)          0.906     6.460    FSMAscon/round[3]
    SLICE_X5Y125         LUT4 (Prop_lut4_I1_O)        0.124     6.584 r  FSMAscon/state[191]_i_4/O
                         net (fo=6, routed)           0.593     7.177    FSMAscon/state[191]_i_4_n_0
    SLICE_X6Y127         LUT5 (Prop_lut5_I2_O)        0.116     7.293 r  FSMAscon/SBoxGenerate[0].SBoxEntity/state[246]_i_5/O
                         net (fo=3, routed)           0.714     8.008    SBoxState[192]
    SLICE_X9Y127         LUT3 (Prop_lut3_I1_O)        0.328     8.336 r  state[192]_i_4/O
                         net (fo=1, routed)           0.683     9.019    FSMAscon/state_reg[319]_0[165]
    SLICE_X2Y126         LUT6 (Prop_lut6_I1_O)        0.124     9.143 r  FSMAscon/state[192]_i_2/O
                         net (fo=1, routed)           0.284     9.427    FSMAscon/state[192]_i_2_n_0
    SLICE_X1Y126         LUT6 (Prop_lut6_I0_O)        0.124     9.551 r  FSMAscon/state[192]_i_1/O
                         net (fo=1, routed)           0.000     9.551    p_1_in[192]
    SLICE_X1Y126         FDRE                                         r  state_reg[192]/D
  -------------------------------------------------------------------    -------------------

                         (clock clk rise edge)        5.000     5.000 r  
    Y22                                               0.000     5.000 r  clk (IN)
                         net (fo=0)                   0.000     5.000    clk
    Y22                  IBUF (Prop_ibuf_I_O)         0.855     5.855 r  clk_IBUF_inst/O
                         net (fo=1, routed)           2.204     8.059    clk_IBUF
    BUFGCTRL_X0Y0        BUFG (Prop_bufg_I_O)         0.091     8.150 r  clk_IBUF_BUFG_inst/O
                         net (fo=873, routed)         1.577     9.726    clk_IBUF_BUFG
    SLICE_X1Y126         FDRE                                         r  state_reg[192]/C
                         clock pessimism              0.337    10.063    
                         clock uncertainty           -0.035    10.028    
    SLICE_X1Y126         FDRE (Setup_fdre_C_D)        0.031    10.059    state_reg[192]
  -------------------------------------------------------------------
                         required time                         10.059    
                         arrival time                          -9.551    
  -------------------------------------------------------------------
                         slack                                  0.507    

Slack (MET) :             0.512ns  (required time - arrival time)
  Source:                 state_reg[34]/C
                            (rising edge-triggered cell FDRE clocked by clk  {rise@0.000ns fall@2.500ns period=5.000ns})
  Destination:            state_reg[101]/D
                            (rising edge-triggered cell FDRE clocked by clk  {rise@0.000ns fall@2.500ns period=5.000ns})
  Path Group:             clk
  Path Type:              Setup (Max at Slow Process Corner)
  Requirement:            5.000ns  (clk rise@5.000ns - clk rise@0.000ns)
  Data Path Delay:        4.407ns  (logic 1.154ns (26.188%)  route 3.253ns (73.812%))
  Logic Levels:           3  (LUT3=1 LUT5=1 LUT6=1)
  Clock Path Skew:        -0.123ns (DCD - SCD + CPR)
    Destination Clock Delay (DCD):    4.657ns = ( 9.657 - 5.000 ) 
    Source Clock Delay      (SCD):    5.117ns
    Clock Pessimism Removal (CPR):    0.337ns
  Clock Uncertainty:      0.035ns  ((TSJ^2 + TIJ^2)^1/2 + DJ) / 2 + PE
    Total System Jitter     (TSJ):    0.071ns
    Total Input Jitter      (TIJ):    0.000ns
    Discrete Jitter          (DJ):    0.000ns
    Phase Error              (PE):    0.000ns

    Location             Delay type                Incr(ns)  Path(ns)    Netlist Resource(s)
  -------------------------------------------------------------------    -------------------
                         (clock clk rise edge)        0.000     0.000 r  
    Y22                                               0.000     0.000 r  clk (IN)
                         net (fo=0)                   0.000     0.000    clk
    Y22                  IBUF (Prop_ibuf_I_O)         0.988     0.988 r  clk_IBUF_inst/O
                         net (fo=1, routed)           2.324     3.312    clk_IBUF
    BUFGCTRL_X0Y0        BUFG (Prop_bufg_I_O)         0.096     3.408 r  clk_IBUF_BUFG_inst/O
                         net (fo=873, routed)         1.709     5.117    clk_IBUF_BUFG
    SLICE_X6Y142         FDRE                                         r  state_reg[34]/C
  -------------------------------------------------------------------    -------------------
    SLICE_X6Y142         FDRE (Prop_fdre_C_Q)         0.518     5.635 r  state_reg[34]/Q
                         net (fo=11, routed)          1.204     6.838    p_2_in[34]
    SLICE_X6Y134         LUT5 (Prop_lut5_I4_O)        0.157     6.995 r  SBoxGenerate[34].SBoxEntity/state[123]_i_5/O
                         net (fo=3, routed)           1.118     8.113    SBoxState[98]
    SLICE_X9Y128         LUT3 (Prop_lut3_I0_O)        0.355     8.468 r  state[101]_i_3/O
                         net (fo=1, routed)           0.931     9.400    FSMAscon/state_reg[319]_0[85]
    SLICE_X8Y138         LUT6 (Prop_lut6_I3_O)        0.124     9.524 r  FSMAscon/state[101]_i_1/O
                         net (fo=1, routed)           0.000     9.524    p_1_in[101]
    SLICE_X8Y138         FDRE                                         r  state_reg[101]/D
  -------------------------------------------------------------------    -------------------

                         (clock clk rise edge)        5.000     5.000 r  
    Y22                                               0.000     5.000 r  clk (IN)
                         net (fo=0)                   0.000     5.000    clk
    Y22                  IBUF (Prop_ibuf_I_O)         0.855     5.855 r  clk_IBUF_inst/O
                         net (fo=1, routed)           2.204     8.059    clk_IBUF
    BUFGCTRL_X0Y0        BUFG (Prop_bufg_I_O)         0.091     8.150 r  clk_IBUF_BUFG_inst/O
                         net (fo=873, routed)         1.508     9.657    clk_IBUF_BUFG
    SLICE_X8Y138         FDRE                                         r  state_reg[101]/C
                         clock pessimism              0.337     9.994    
                         clock uncertainty           -0.035     9.959    
    SLICE_X8Y138         FDRE (Setup_fdre_C_D)        0.077    10.036    state_reg[101]
  -------------------------------------------------------------------
                         required time                         10.036    
                         arrival time                          -9.524    
  -------------------------------------------------------------------
                         slack                                  0.512    

Slack (MET) :             0.517ns  (required time - arrival time)
  Source:                 state_reg[91]/C
                            (rising edge-triggered cell FDRE clocked by clk  {rise@0.000ns fall@2.500ns period=5.000ns})
  Destination:            state_reg[202]/D
                            (rising edge-triggered cell FDRE clocked by clk  {rise@0.000ns fall@2.500ns period=5.000ns})
  Path Group:             clk
  Path Type:              Setup (Max at Slow Process Corner)
  Requirement:            5.000ns  (clk rise@5.000ns - clk rise@0.000ns)
  Data Path Delay:        4.402ns  (logic 1.437ns (32.646%)  route 2.965ns (67.354%))
  Logic Levels:           4  (LUT3=1 LUT5=1 LUT6=2)
  Clock Path Skew:        -0.123ns (DCD - SCD + CPR)
    Destination Clock Delay (DCD):    4.649ns = ( 9.649 - 5.000 ) 
    Source Clock Delay      (SCD):    5.109ns
    Clock Pessimism Removal (CPR):    0.337ns
  Clock Uncertainty:      0.035ns  ((TSJ^2 + TIJ^2)^1/2 + DJ) / 2 + PE
    Total System Jitter     (TSJ):    0.071ns
    Total Input Jitter      (TIJ):    0.000ns
    Discrete Jitter          (DJ):    0.000ns
    Phase Error              (PE):    0.000ns

    Location             Delay type                Incr(ns)  Path(ns)    Netlist Resource(s)
  -------------------------------------------------------------------    -------------------
                         (clock clk rise edge)        0.000     0.000 r  
    Y22                                               0.000     0.000 r  clk (IN)
                         net (fo=0)                   0.000     0.000    clk
    Y22                  IBUF (Prop_ibuf_I_O)         0.988     0.988 r  clk_IBUF_inst/O
                         net (fo=1, routed)           2.324     3.312    clk_IBUF
    BUFGCTRL_X0Y0        BUFG (Prop_bufg_I_O)         0.096     3.408 r  clk_IBUF_BUFG_inst/O
                         net (fo=873, routed)         1.701     5.109    clk_IBUF_BUFG
    SLICE_X7Y132         FDRE                                         r  state_reg[91]/C
  -------------------------------------------------------------------    -------------------
    SLICE_X7Y132         FDRE (Prop_fdre_C_Q)         0.456     5.565 r  state_reg[91]/Q
                         net (fo=7, routed)           1.076     6.641    p_2_in[91]
    SLICE_X8Y134         LUT5 (Prop_lut5_I4_O)        0.152     6.793 r  SBoxGenerate[27].SBoxEntity/state[219]_i_5/O
                         net (fo=3, routed)           1.184     7.976    SBoxState[219]
    SLICE_X9Y127         LUT3 (Prop_lut3_I2_O)        0.378     8.354 r  state[202]_i_4/O
                         net (fo=1, routed)           0.540     8.895    FSMAscon/state_reg[319]_0[175]
    SLICE_X8Y120         LUT6 (Prop_lut6_I1_O)        0.327     9.222 r  FSMAscon/state[202]_i_2/O
                         net (fo=1, routed)           0.165     9.387    FSMAscon/state[202]_i_2_n_0
    SLICE_X8Y120         LUT6 (Prop_lut6_I0_O)        0.124     9.511 r  FSMAscon/state[202]_i_1/O
                         net (fo=1, routed)           0.000     9.511    p_1_in[202]
    SLICE_X8Y120         FDRE                                         r  state_reg[202]/D
  -------------------------------------------------------------------    -------------------

                         (clock clk rise edge)        5.000     5.000 r  
    Y22                                               0.000     5.000 r  clk (IN)
                         net (fo=0)                   0.000     5.000    clk
    Y22                  IBUF (Prop_ibuf_I_O)         0.855     5.855 r  clk_IBUF_inst/O
                         net (fo=1, routed)           2.204     8.059    clk_IBUF
    BUFGCTRL_X0Y0        BUFG (Prop_bufg_I_O)         0.091     8.150 r  clk_IBUF_BUFG_inst/O
                         net (fo=873, routed)         1.500     9.649    clk_IBUF_BUFG
    SLICE_X8Y120         FDRE                                         r  state_reg[202]/C
                         clock pessimism              0.337     9.986    
                         clock uncertainty           -0.035     9.951    
    SLICE_X8Y120         FDRE (Setup_fdre_C_D)        0.077    10.028    state_reg[202]
  -------------------------------------------------------------------
                         required time                         10.028    
                         arrival time                          -9.511    
  -------------------------------------------------------------------
                         slack                                  0.517    

Slack (MET) :             0.517ns  (required time - arrival time)
  Source:                 state_reg[144]/C
                            (rising edge-triggered cell FDRE clocked by clk  {rise@0.000ns fall@2.500ns period=5.000ns})
  Destination:            state_reg[255]/D
                            (rising edge-triggered cell FDRE clocked by clk  {rise@0.000ns fall@2.500ns period=5.000ns})
  Path Group:             clk
  Path Type:              Setup (Max at Slow Process Corner)
  Requirement:            5.000ns  (clk rise@5.000ns - clk rise@0.000ns)
  Data Path Delay:        4.515ns  (logic 1.244ns (27.555%)  route 3.271ns (72.445%))
  Logic Levels:           4  (LUT3=1 LUT5=1 LUT6=2)
  Clock Path Skew:        0.038ns (DCD - SCD + CPR)
    Destination Clock Delay (DCD):    4.729ns = ( 9.729 - 5.000 ) 
    Source Clock Delay      (SCD):    5.028ns
    Clock Pessimism Removal (CPR):    0.337ns
  Clock Uncertainty:      0.035ns  ((TSJ^2 + TIJ^2)^1/2 + DJ) / 2 + PE
    Total System Jitter     (TSJ):    0.071ns
    Total Input Jitter      (TIJ):    0.000ns
    Discrete Jitter          (DJ):    0.000ns
    Phase Error              (PE):    0.000ns

    Location             Delay type                Incr(ns)  Path(ns)    Netlist Resource(s)
  -------------------------------------------------------------------    -------------------
                         (clock clk rise edge)        0.000     0.000 r  
    Y22                                               0.000     0.000 r  clk (IN)
                         net (fo=0)                   0.000     0.000    clk
    Y22                  IBUF (Prop_ibuf_I_O)         0.988     0.988 r  clk_IBUF_inst/O
                         net (fo=1, routed)           2.324     3.312    clk_IBUF
    BUFGCTRL_X0Y0        BUFG (Prop_bufg_I_O)         0.096     3.408 r  clk_IBUF_BUFG_inst/O
                         net (fo=873, routed)         1.620     5.028    clk_IBUF_BUFG
    SLICE_X12Y130        FDRE                                         r  state_reg[144]/C
  -------------------------------------------------------------------    -------------------
    SLICE_X12Y130        FDRE (Prop_fdre_C_Q)         0.518     5.546 r  state_reg[144]/Q
                         net (fo=5, routed)           1.061     6.607    p_2_in[144]
    SLICE_X10Y130        LUT5 (Prop_lut5_I2_O)        0.150     6.757 r  SBoxGenerate[16].SBoxEntity/state[255]_i_8/O
                         net (fo=3, routed)           1.343     8.100    SBoxState[208]
    SLICE_X3Y124         LUT3 (Prop_lut3_I2_O)        0.328     8.428 r  state[255]_i_5/O
                         net (fo=1, routed)           0.433     8.862    FSMAscon/state_reg[319]_0[220]
    SLICE_X3Y121         LUT6 (Prop_lut6_I1_O)        0.124     8.986 r  FSMAscon/state[255]_i_3/O
                         net (fo=1, routed)           0.433     9.419    FSMAscon/state[255]_i_3_n_0
    SLICE_X3Y121         LUT6 (Prop_lut6_I0_O)        0.124     9.543 r  FSMAscon/state[255]_i_2/O
                         net (fo=1, routed)           0.000     9.543    p_1_in[255]
    SLICE_X3Y121         FDRE                                         r  state_reg[255]/D
  -------------------------------------------------------------------    -------------------

                         (clock clk rise edge)        5.000     5.000 r  
    Y22                                               0.000     5.000 r  clk (IN)
                         net (fo=0)                   0.000     5.000    clk
    Y22                  IBUF (Prop_ibuf_I_O)         0.855     5.855 r  clk_IBUF_inst/O
                         net (fo=1, routed)           2.204     8.059    clk_IBUF
    BUFGCTRL_X0Y0        BUFG (Prop_bufg_I_O)         0.091     8.150 r  clk_IBUF_BUFG_inst/O
                         net (fo=873, routed)         1.580     9.729    clk_IBUF_BUFG
    SLICE_X3Y121         FDRE                                         r  state_reg[255]/C
                         clock pessimism              0.337    10.066    
                         clock uncertainty           -0.035    10.031    
    SLICE_X3Y121         FDRE (Setup_fdre_C_D)        0.029    10.060    state_reg[255]
  -------------------------------------------------------------------
                         required time                         10.060    
                         arrival time                          -9.543    
  -------------------------------------------------------------------
                         slack                                  0.517    

Slack (MET) :             0.533ns  (required time - arrival time)
  Source:                 state_reg[245]/C
                            (rising edge-triggered cell FDRE clocked by clk  {rise@0.000ns fall@2.500ns period=5.000ns})
  Destination:            state_reg[228]/D
                            (rising edge-triggered cell FDRE clocked by clk  {rise@0.000ns fall@2.500ns period=5.000ns})
  Path Group:             clk
  Path Type:              Setup (Max at Slow Process Corner)
  Requirement:            5.000ns  (clk rise@5.000ns - clk rise@0.000ns)
  Data Path Delay:        4.402ns  (logic 1.477ns (33.554%)  route 2.925ns (66.446%))
  Logic Levels:           4  (LUT3=1 LUT5=1 LUT6=2)
  Clock Path Skew:        -0.107ns (DCD - SCD + CPR)
    Destination Clock Delay (DCD):    4.662ns = ( 9.662 - 5.000 ) 
    Source Clock Delay      (SCD):    5.106ns
    Clock Pessimism Removal (CPR):    0.337ns
  Clock Uncertainty:      0.035ns  ((TSJ^2 + TIJ^2)^1/2 + DJ) / 2 + PE
    Total System Jitter     (TSJ):    0.071ns
    Total Input Jitter      (TIJ):    0.000ns
    Discrete Jitter          (DJ):    0.000ns
    Phase Error              (PE):    0.000ns

    Location             Delay type                Incr(ns)  Path(ns)    Netlist Resource(s)
  -------------------------------------------------------------------    -------------------
                         (clock clk rise edge)        0.000     0.000 r  
    Y22                                               0.000     0.000 r  clk (IN)
                         net (fo=0)                   0.000     0.000    clk
    Y22                  IBUF (Prop_ibuf_I_O)         0.988     0.988 r  clk_IBUF_inst/O
                         net (fo=1, routed)           2.324     3.312    clk_IBUF
    BUFGCTRL_X0Y0        BUFG (Prop_bufg_I_O)         0.096     3.408 r  clk_IBUF_BUFG_inst/O
                         net (fo=873, routed)         1.698     5.106    clk_IBUF_BUFG
    SLICE_X2Y129         FDRE                                         r  state_reg[245]/C
  -------------------------------------------------------------------    -------------------
    SLICE_X2Y129         FDRE (Prop_fdre_C_Q)         0.518     5.624 r  state_reg[245]/Q
                         net (fo=9, routed)           0.854     6.478    x[53]
    SLICE_X4Y129         LUT5 (Prop_lut5_I3_O)        0.154     6.632 r  SBoxGenerate[53].SBoxEntity/state[245]_i_5/O
                         net (fo=3, routed)           1.256     7.888    SBoxState[245]
    SLICE_X9Y135         LUT3 (Prop_lut3_I2_O)        0.355     8.243 r  state[228]_i_4/O
                         net (fo=1, routed)           0.508     8.752    FSMAscon/state_reg[319]_0[201]
    SLICE_X10Y140        LUT6 (Prop_lut6_I1_O)        0.326     9.078 r  FSMAscon/state[228]_i_2/O
                         net (fo=1, routed)           0.306     9.384    FSMAscon/state[228]_i_2_n_0
    SLICE_X10Y141        LUT6 (Prop_lut6_I0_O)        0.124     9.508 r  FSMAscon/state[228]_i_1/O
                         net (fo=1, routed)           0.000     9.508    p_1_in[228]
    SLICE_X10Y141        FDRE                                         r  state_reg[228]/D
  -------------------------------------------------------------------    -------------------

                         (clock clk rise edge)        5.000     5.000 r  
    Y22                                               0.000     5.000 r  clk (IN)
                         net (fo=0)                   0.000     5.000    clk
    Y22                  IBUF (Prop_ibuf_I_O)         0.855     5.855 r  clk_IBUF_inst/O
                         net (fo=1, routed)           2.204     8.059    clk_IBUF
    BUFGCTRL_X0Y0        BUFG (Prop_bufg_I_O)         0.091     8.150 r  clk_IBUF_BUFG_inst/O
                         net (fo=873, routed)         1.513     9.662    clk_IBUF_BUFG
    SLICE_X10Y141        FDRE                                         r  state_reg[228]/C
                         clock pessimism              0.337     9.999    
                         clock uncertainty           -0.035     9.964    
    SLICE_X10Y141        FDRE (Setup_fdre_C_D)        0.077    10.041    state_reg[228]
  -------------------------------------------------------------------
                         required time                         10.041    
                         arrival time                          -9.508    
  -------------------------------------------------------------------
                         slack                                  0.533    

Slack (MET) :             0.549ns  (required time - arrival time)
  Source:                 state_reg[187]/C
                            (rising edge-triggered cell FDRE clocked by clk  {rise@0.000ns fall@2.500ns period=5.000ns})
  Destination:            state_reg[241]/D
                            (rising edge-triggered cell FDRE clocked by clk  {rise@0.000ns fall@2.500ns period=5.000ns})
  Path Group:             clk
  Path Type:              Setup (Max at Slow Process Corner)
  Requirement:            5.000ns  (clk rise@5.000ns - clk rise@0.000ns)
  Data Path Delay:        4.411ns  (logic 1.247ns (28.268%)  route 3.164ns (71.732%))
  Logic Levels:           4  (LUT3=1 LUT5=1 LUT6=2)
  Clock Path Skew:        -0.036ns (DCD - SCD + CPR)
    Destination Clock Delay (DCD):    4.728ns = ( 9.728 - 5.000 ) 
    Source Clock Delay      (SCD):    5.101ns
    Clock Pessimism Removal (CPR):    0.337ns
  Clock Uncertainty:      0.035ns  ((TSJ^2 + TIJ^2)^1/2 + DJ) / 2 + PE
    Total System Jitter     (TSJ):    0.071ns
    Total Input Jitter      (TIJ):    0.000ns
    Discrete Jitter          (DJ):    0.000ns
    Phase Error              (PE):    0.000ns

    Location             Delay type                Incr(ns)  Path(ns)    Netlist Resource(s)
  -------------------------------------------------------------------    -------------------
                         (clock clk rise edge)        0.000     0.000 r  
    Y22                                               0.000     0.000 r  clk (IN)
                         net (fo=0)                   0.000     0.000    clk
    Y22                  IBUF (Prop_ibuf_I_O)         0.988     0.988 r  clk_IBUF_inst/O
                         net (fo=1, routed)           2.324     3.312    clk_IBUF
    BUFGCTRL_X0Y0        BUFG (Prop_bufg_I_O)         0.096     3.408 r  clk_IBUF_BUFG_inst/O
                         net (fo=873, routed)         1.693     5.101    clk_IBUF_BUFG
    SLICE_X6Y122         FDRE                                         r  state_reg[187]/C
  -------------------------------------------------------------------    -------------------
    SLICE_X6Y122         FDRE (Prop_fdre_C_Q)         0.518     5.619 r  state_reg[187]/Q
                         net (fo=5, routed)           0.922     6.541    p_2_in[187]
    SLICE_X9Y122         LUT5 (Prop_lut5_I2_O)        0.154     6.695 r  SBoxGenerate[59].SBoxEntity/state[251]_i_6/O
                         net (fo=3, routed)           1.294     7.988    SBoxState[251]
    SLICE_X6Y129         LUT3 (Prop_lut3_I0_O)        0.327     8.315 r  state[241]_i_4/O
                         net (fo=1, routed)           0.410     8.725    FSMAscon/state_reg[319]_0[214]
    SLICE_X4Y130         LUT6 (Prop_lut6_I1_O)        0.124     8.849 r  FSMAscon/state[241]_i_2/O
                         net (fo=1, routed)           0.539     9.388    FSMAscon/state[241]_i_2_n_0
    SLICE_X4Y130         LUT6 (Prop_lut6_I0_O)        0.124     9.512 r  FSMAscon/state[241]_i_1/O
                         net (fo=1, routed)           0.000     9.512    p_1_in[241]
    SLICE_X4Y130         FDRE                                         r  state_reg[241]/D
  -------------------------------------------------------------------    -------------------

                         (clock clk rise edge)        5.000     5.000 r  
    Y22                                               0.000     5.000 r  clk (IN)
                         net (fo=0)                   0.000     5.000    clk
    Y22                  IBUF (Prop_ibuf_I_O)         0.855     5.855 r  clk_IBUF_inst/O
                         net (fo=1, routed)           2.204     8.059    clk_IBUF
    BUFGCTRL_X0Y0        BUFG (Prop_bufg_I_O)         0.091     8.150 r  clk_IBUF_BUFG_inst/O
                         net (fo=873, routed)         1.579     9.728    clk_IBUF_BUFG
    SLICE_X4Y130         FDRE                                         r  state_reg[241]/C
                         clock pessimism              0.337    10.065    
                         clock uncertainty           -0.035    10.030    
    SLICE_X4Y130         FDRE (Setup_fdre_C_D)        0.032    10.062    state_reg[241]
  -------------------------------------------------------------------
                         required time                         10.062    
                         arrival time                          -9.512    
  -------------------------------------------------------------------
                         slack                                  0.549    





Min Delay Paths
--------------------------------------------------------------------------------------
Slack (MET) :             0.152ns  (arrival time - required time)
  Source:                 keyR_reg[107]/C
                            (rising edge-triggered cell FDRE clocked by clk  {rise@0.000ns fall@2.500ns period=5.000ns})
  Destination:            state_reg[171]/D
                            (rising edge-triggered cell FDRE clocked by clk  {rise@0.000ns fall@2.500ns period=5.000ns})
  Path Group:             clk
  Path Type:              Hold (Min at Fast Process Corner)
  Requirement:            0.000ns  (clk rise@0.000ns - clk rise@0.000ns)
  Data Path Delay:        0.311ns  (logic 0.186ns (59.726%)  route 0.125ns (40.274%))
  Logic Levels:           1  (LUT6=1)
  Clock Path Skew:        0.038ns (DCD - SCD - CPR)
    Destination Clock Delay (DCD):    2.158ns
    Source Clock Delay      (SCD):    1.632ns
    Clock Pessimism Removal (CPR):    0.488ns

    Location             Delay type                Incr(ns)  Path(ns)    Netlist Resource(s)
  -------------------------------------------------------------------    -------------------
                         (clock clk rise edge)        0.000     0.000 r  
    Y22                                               0.000     0.000 r  clk (IN)
                         net (fo=0)                   0.000     0.000    clk
    Y22                  IBUF (Prop_ibuf_I_O)         0.217     0.217 r  clk_IBUF_inst/O
                         net (fo=1, routed)           0.793     1.010    clk_IBUF
    BUFGCTRL_X0Y0        BUFG (Prop_bufg_I_O)         0.026     1.036 r  clk_IBUF_BUFG_inst/O
                         net (fo=873, routed)         0.596     1.632    clk_IBUF_BUFG
    SLICE_X5Y137         FDRE                                         r  keyR_reg[107]/C
  -------------------------------------------------------------------    -------------------
    SLICE_X5Y137         FDRE (Prop_fdre_C_Q)         0.141     1.773 r  keyR_reg[107]/Q
                         net (fo=3, routed)           0.125     1.898    FSMAscon/state_reg[191][107]
    SLICE_X2Y136         LUT6 (Prop_lut6_I5_O)        0.045     1.943 r  FSMAscon/state[171]_i_1/O
                         net (fo=1, routed)           0.000     1.943    p_1_in[171]
    SLICE_X2Y136         FDRE                                         r  state_reg[171]/D
  -------------------------------------------------------------------    -------------------

                         (clock clk rise edge)        0.000     0.000 r  
    Y22                                               0.000     0.000 r  clk (IN)
                         net (fo=0)                   0.000     0.000    clk
    Y22                  IBUF (Prop_ibuf_I_O)         0.406     0.406 r  clk_IBUF_inst/O
                         net (fo=1, routed)           0.855     1.262    clk_IBUF
    BUFGCTRL_X0Y0        BUFG (Prop_bufg_I_O)         0.029     1.291 r  clk_IBUF_BUFG_inst/O
                         net (fo=873, routed)         0.867     2.158    clk_IBUF_BUFG
    SLICE_X2Y136         FDRE                                         r  state_reg[171]/C
                         clock pessimism             -0.488     1.670    
    SLICE_X2Y136         FDRE (Hold_fdre_C_D)         0.121     1.791    state_reg[171]
  -------------------------------------------------------------------
                         required time                         -1.791    
                         arrival time                           1.943    
  -------------------------------------------------------------------
                         slack                                  0.152    

Slack (MET) :             0.160ns  (arrival time - required time)
  Source:                 keyR_reg[111]/C
                            (rising edge-triggered cell FDRE clocked by clk  {rise@0.000ns fall@2.500ns period=5.000ns})
  Destination:            state_reg[175]/D
                            (rising edge-triggered cell FDRE clocked by clk  {rise@0.000ns fall@2.500ns period=5.000ns})
  Path Group:             clk
  Path Type:              Hold (Min at Fast Process Corner)
  Requirement:            0.000ns  (clk rise@0.000ns - clk rise@0.000ns)
  Data Path Delay:        0.295ns  (logic 0.186ns (62.973%)  route 0.109ns (37.027%))
  Logic Levels:           1  (LUT6=1)
  Clock Path Skew:        0.014ns (DCD - SCD - CPR)
    Destination Clock Delay (DCD):    2.158ns
    Source Clock Delay      (SCD):    1.633ns
    Clock Pessimism Removal (CPR):    0.511ns

    Location             Delay type                Incr(ns)  Path(ns)    Netlist Resource(s)
  -------------------------------------------------------------------    -------------------
                         (clock clk rise edge)        0.000     0.000 r  
    Y22                                               0.000     0.000 r  clk (IN)
                         net (fo=0)                   0.000     0.000    clk
    Y22                  IBUF (Prop_ibuf_I_O)         0.217     0.217 r  clk_IBUF_inst/O
                         net (fo=1, routed)           0.793     1.010    clk_IBUF
    BUFGCTRL_X0Y0        BUFG (Prop_bufg_I_O)         0.026     1.036 r  clk_IBUF_BUFG_inst/O
                         net (fo=873, routed)         0.597     1.633    clk_IBUF_BUFG
    SLICE_X0Y137         FDRE                                         r  keyR_reg[111]/C
  -------------------------------------------------------------------    -------------------
    SLICE_X0Y137         FDRE (Prop_fdre_C_Q)         0.141     1.774 r  keyR_reg[111]/Q
                         net (fo=3, routed)           0.109     1.883    FSMAscon/state_reg[191][111]
    SLICE_X2Y136         LUT6 (Prop_lut6_I5_O)        0.045     1.928 r  FSMAscon/state[175]_i_1/O
                         net (fo=1, routed)           0.000     1.928    p_1_in[175]
    SLICE_X2Y136         FDRE                                         r  state_reg[175]/D
  -------------------------------------------------------------------    -------------------

                         (clock clk rise edge)        0.000     0.000 r  
    Y22                                               0.000     0.000 r  clk (IN)
                         net (fo=0)                   0.000     0.000    clk
    Y22                  IBUF (Prop_ibuf_I_O)         0.406     0.406 r  clk_IBUF_inst/O
                         net (fo=1, routed)           0.855     1.262    clk_IBUF
    BUFGCTRL_X0Y0        BUFG (Prop_bufg_I_O)         0.029     1.291 r  clk_IBUF_BUFG_inst/O
                         net (fo=873, routed)         0.867     2.158    clk_IBUF_BUFG
    SLICE_X2Y136         FDRE                                         r  state_reg[175]/C
                         clock pessimism             -0.511     1.647    
    SLICE_X2Y136         FDRE (Hold_fdre_C_D)         0.121     1.768    state_reg[175]
  -------------------------------------------------------------------
                         required time                         -1.768    
                         arrival time                           1.928    
  -------------------------------------------------------------------
                         slack                                  0.160    

Slack (MET) :             0.167ns  (arrival time - required time)
  Source:                 keyR_reg[26]/C
                            (rising edge-triggered cell FDRE clocked by clk  {rise@0.000ns fall@2.500ns period=5.000ns})
  Destination:            state_reg[90]/D
                            (rising edge-triggered cell FDRE clocked by clk  {rise@0.000ns fall@2.500ns period=5.000ns})
  Path Group:             clk
  Path Type:              Hold (Min at Fast Process Corner)
  Requirement:            0.000ns  (clk rise@0.000ns - clk rise@0.000ns)
  Data Path Delay:        0.301ns  (logic 0.186ns (61.717%)  route 0.115ns (38.283%))
  Logic Levels:           1  (LUT6=1)
  Clock Path Skew:        0.013ns (DCD - SCD - CPR)
    Destination Clock Delay (DCD):    2.127ns
    Source Clock Delay      (SCD):    1.603ns
    Clock Pessimism Removal (CPR):    0.511ns

    Location             Delay type                Incr(ns)  Path(ns)    Netlist Resource(s)
  -------------------------------------------------------------------    -------------------
                         (clock clk rise edge)        0.000     0.000 r  
    Y22                                               0.000     0.000 r  clk (IN)
                         net (fo=0)                   0.000     0.000    clk
    Y22                  IBUF (Prop_ibuf_I_O)         0.217     0.217 r  clk_IBUF_inst/O
                         net (fo=1, routed)           0.793     1.010    clk_IBUF
    BUFGCTRL_X0Y0        BUFG (Prop_bufg_I_O)         0.026     1.036 r  clk_IBUF_BUFG_inst/O
                         net (fo=873, routed)         0.567     1.603    clk_IBUF_BUFG
    SLICE_X11Y136        FDRE                                         r  keyR_reg[26]/C
  -------------------------------------------------------------------    -------------------
    SLICE_X11Y136        FDRE (Prop_fdre_C_Q)         0.141     1.744 r  keyR_reg[26]/Q
                         net (fo=4, routed)           0.115     1.859    FSMAscon/state_reg[191][26]
    SLICE_X10Y136        LUT6 (Prop_lut6_I5_O)        0.045     1.904 r  FSMAscon/state[90]_i_1/O
                         net (fo=1, routed)           0.000     1.904    p_1_in[90]
    SLICE_X10Y136        FDRE                                         r  state_reg[90]/D
  -------------------------------------------------------------------    -------------------

                         (clock clk rise edge)        0.000     0.000 r  
    Y22                                               0.000     0.000 r  clk (IN)
                         net (fo=0)                   0.000     0.000    clk
    Y22                  IBUF (Prop_ibuf_I_O)         0.406     0.406 r  clk_IBUF_inst/O
                         net (fo=1, routed)           0.855     1.262    clk_IBUF
    BUFGCTRL_X0Y0        BUFG (Prop_bufg_I_O)         0.029     1.291 r  clk_IBUF_BUFG_inst/O
                         net (fo=873, routed)         0.836     2.127    clk_IBUF_BUFG
    SLICE_X10Y136        FDRE                                         r  state_reg[90]/C
                         clock pessimism             -0.511     1.616    
    SLICE_X10Y136        FDRE (Hold_fdre_C_D)         0.121     1.737    state_reg[90]
  -------------------------------------------------------------------
                         required time                         -1.737    
                         arrival time                           1.904    
  -------------------------------------------------------------------
                         slack                                  0.167    

Slack (MET) :             0.192ns  (arrival time - required time)
  Source:                 keyR_reg[60]/C
                            (rising edge-triggered cell FDRE clocked by clk  {rise@0.000ns fall@2.500ns period=5.000ns})
  Destination:            state_reg[124]/D
                            (rising edge-triggered cell FDRE clocked by clk  {rise@0.000ns fall@2.500ns period=5.000ns})
  Path Group:             clk
  Path Type:              Hold (Min at Fast Process Corner)
  Requirement:            0.000ns  (clk rise@0.000ns - clk rise@0.000ns)
  Data Path Delay:        0.321ns  (logic 0.186ns (57.971%)  route 0.135ns (42.029%))
  Logic Levels:           1  (LUT6=1)
  Clock Path Skew:        0.037ns (DCD - SCD - CPR)
    Destination Clock Delay (DCD):    2.147ns
    Source Clock Delay      (SCD):    1.622ns
    Clock Pessimism Removal (CPR):    0.488ns

    Location             Delay type                Incr(ns)  Path(ns)    Netlist Resource(s)
  -------------------------------------------------------------------    -------------------
                         (clock clk rise edge)        0.000     0.000 r  
    Y22                                               0.000     0.000 r  clk (IN)
                         net (fo=0)                   0.000     0.000    clk
    Y22                  IBUF (Prop_ibuf_I_O)         0.217     0.217 r  clk_IBUF_inst/O
                         net (fo=1, routed)           0.793     1.010    clk_IBUF
    BUFGCTRL_X0Y0        BUFG (Prop_bufg_I_O)         0.026     1.036 r  clk_IBUF_BUFG_inst/O
                         net (fo=873, routed)         0.586     1.622    clk_IBUF_BUFG
    SLICE_X5Y125         FDRE                                         r  keyR_reg[60]/C
  -------------------------------------------------------------------    -------------------
    SLICE_X5Y125         FDRE (Prop_fdre_C_Q)         0.141     1.763 r  keyR_reg[60]/Q
                         net (fo=4, routed)           0.135     1.898    FSMAscon/state_reg[191][60]
    SLICE_X1Y125         LUT6 (Prop_lut6_I5_O)        0.045     1.943 r  FSMAscon/state[124]_i_1/O
                         net (fo=1, routed)           0.000     1.943    p_1_in[124]
    SLICE_X1Y125         FDRE                                         r  state_reg[124]/D
  -------------------------------------------------------------------    -------------------

                         (clock clk rise edge)        0.000     0.000 r  
    Y22                                               0.000     0.000 r  clk (IN)
                         net (fo=0)                   0.000     0.000    clk
    Y22                  IBUF (Prop_ibuf_I_O)         0.406     0.406 r  clk_IBUF_inst/O
                         net (fo=1, routed)           0.855     1.262    clk_IBUF
    BUFGCTRL_X0Y0        BUFG (Prop_bufg_I_O)         0.029     1.291 r  clk_IBUF_BUFG_inst/O
                         net (fo=873, routed)         0.856     2.147    clk_IBUF_BUFG
    SLICE_X1Y125         FDRE                                         r  state_reg[124]/C
                         clock pessimism             -0.488     1.659    
    SLICE_X1Y125         FDRE (Hold_fdre_C_D)         0.092     1.751    state_reg[124]
  -------------------------------------------------------------------
                         required time                         -1.751    
                         arrival time                           1.943    
  -------------------------------------------------------------------
                         slack                                  0.192    

Slack (MET) :             0.194ns  (arrival time - required time)
  Source:                 keyR_reg[96]/C
                            (rising edge-triggered cell FDRE clocked by clk  {rise@0.000ns fall@2.500ns period=5.000ns})
  Destination:            state_reg[160]/D
                            (rising edge-triggered cell FDRE clocked by clk  {rise@0.000ns fall@2.500ns period=5.000ns})
  Path Group:             clk
  Path Type:              Hold (Min at Fast Process Corner)
  Requirement:            0.000ns  (clk rise@0.000ns - clk rise@0.000ns)
  Data Path Delay:        0.302ns  (logic 0.186ns (61.569%)  route 0.116ns (38.431%))
  Logic Levels:           1  (LUT6=1)
  Clock Path Skew:        0.016ns (DCD - SCD - CPR)
    Destination Clock Delay (DCD):    2.156ns
    Source Clock Delay      (SCD):    1.631ns
    Clock Pessimism Removal (CPR):    0.509ns

    Location             Delay type                Incr(ns)  Path(ns)    Netlist Resource(s)
  -------------------------------------------------------------------    -------------------
                         (clock clk rise edge)        0.000     0.000 r  
    Y22                                               0.000     0.000 r  clk (IN)
                         net (fo=0)                   0.000     0.000    clk
    Y22                  IBUF (Prop_ibuf_I_O)         0.217     0.217 r  clk_IBUF_inst/O
                         net (fo=1, routed)           0.793     1.010    clk_IBUF
    BUFGCTRL_X0Y0        BUFG (Prop_bufg_I_O)         0.026     1.036 r  clk_IBUF_BUFG_inst/O
                         net (fo=873, routed)         0.595     1.631    clk_IBUF_BUFG
    SLICE_X7Y136         FDRE                                         r  keyR_reg[96]/C
  -------------------------------------------------------------------    -------------------
    SLICE_X7Y136         FDRE (Prop_fdre_C_Q)         0.141     1.772 r  keyR_reg[96]/Q
                         net (fo=3, routed)           0.116     1.888    FSMAscon/state_reg[191][96]
    SLICE_X7Y137         LUT6 (Prop_lut6_I5_O)        0.045     1.933 r  FSMAscon/state[160]_i_1/O
                         net (fo=1, routed)           0.000     1.933    p_1_in[160]
    SLICE_X7Y137         FDRE                                         r  state_reg[160]/D
  -------------------------------------------------------------------    -------------------

                         (clock clk rise edge)        0.000     0.000 r  
    Y22                                               0.000     0.000 r  clk (IN)
                         net (fo=0)                   0.000     0.000    clk
    Y22                  IBUF (Prop_ibuf_I_O)         0.406     0.406 r  clk_IBUF_inst/O
                         net (fo=1, routed)           0.855     1.262    clk_IBUF
    BUFGCTRL_X0Y0        BUFG (Prop_bufg_I_O)         0.029     1.291 r  clk_IBUF_BUFG_inst/O
                         net (fo=873, routed)         0.865     2.156    clk_IBUF_BUFG
    SLICE_X7Y137         FDRE                                         r  state_reg[160]/C
                         clock pessimism             -0.509     1.647    
    SLICE_X7Y137         FDRE (Hold_fdre_C_D)         0.092     1.739    state_reg[160]
  -------------------------------------------------------------------
                         required time                         -1.739    
                         arrival time                           1.933    
  -------------------------------------------------------------------
                         slack                                  0.194    

Slack (MET) :             0.199ns  (arrival time - required time)
  Source:                 state_reg[8]/C
                            (rising edge-triggered cell FDRE clocked by clk  {rise@0.000ns fall@2.500ns period=5.000ns})
  Destination:            hashR_reg[112]/D
                            (rising edge-triggered cell FDRE clocked by clk  {rise@0.000ns fall@2.500ns period=5.000ns})
  Path Group:             clk
  Path Type:              Hold (Min at Fast Process Corner)
  Requirement:            0.000ns  (clk rise@0.000ns - clk rise@0.000ns)
  Data Path Delay:        0.289ns  (logic 0.164ns (56.810%)  route 0.125ns (43.190%))
  Logic Levels:           0  
  Clock Path Skew:        0.015ns (DCD - SCD - CPR)
    Destination Clock Delay (DCD):    2.119ns
    Source Clock Delay      (SCD):    1.595ns
    Clock Pessimism Removal (CPR):    0.509ns

    Location             Delay type                Incr(ns)  Path(ns)    Netlist Resource(s)
  -------------------------------------------------------------------    -------------------
                         (clock clk rise edge)        0.000     0.000 r  
    Y22                                               0.000     0.000 r  clk (IN)
                         net (fo=0)                   0.000     0.000    clk
    Y22                  IBUF (Prop_ibuf_I_O)         0.217     0.217 r  clk_IBUF_inst/O
                         net (fo=1, routed)           0.793     1.010    clk_IBUF
    BUFGCTRL_X0Y0        BUFG (Prop_bufg_I_O)         0.026     1.036 r  clk_IBUF_BUFG_inst/O
                         net (fo=873, routed)         0.559     1.595    clk_IBUF_BUFG
    SLICE_X12Y123        FDRE                                         r  state_reg[8]/C
  -------------------------------------------------------------------    -------------------
    SLICE_X12Y123        FDRE (Prop_fdre_C_Q)         0.164     1.759 r  state_reg[8]/Q
                         net (fo=11, routed)          0.125     1.883    p_2_in[8]
    SLICE_X14Y122        FDRE                                         r  hashR_reg[112]/D
  -------------------------------------------------------------------    -------------------

                         (clock clk rise edge)        0.000     0.000 r  
    Y22                                               0.000     0.000 r  clk (IN)
                         net (fo=0)                   0.000     0.000    clk
    Y22                  IBUF (Prop_ibuf_I_O)         0.406     0.406 r  clk_IBUF_inst/O
                         net (fo=1, routed)           0.855     1.262    clk_IBUF
    BUFGCTRL_X0Y0        BUFG (Prop_bufg_I_O)         0.029     1.291 r  clk_IBUF_BUFG_inst/O
                         net (fo=873, routed)         0.828     2.119    clk_IBUF_BUFG
    SLICE_X14Y122        FDRE                                         r  hashR_reg[112]/C
                         clock pessimism             -0.509     1.610    
    SLICE_X14Y122        FDRE (Hold_fdre_C_D)         0.075     1.685    hashR_reg[112]
  -------------------------------------------------------------------
                         required time                         -1.685    
                         arrival time                           1.883    
  -------------------------------------------------------------------
                         slack                                  0.199    

Slack (MET) :             0.200ns  (arrival time - required time)
  Source:                 state_reg[29]/C
                            (rising edge-triggered cell FDRE clocked by clk  {rise@0.000ns fall@2.500ns period=5.000ns})
  Destination:            hashR_reg[229]/D
                            (rising edge-triggered cell FDRE clocked by clk  {rise@0.000ns fall@2.500ns period=5.000ns})
  Path Group:             clk
  Path Type:              Hold (Min at Fast Process Corner)
  Requirement:            0.000ns  (clk rise@0.000ns - clk rise@0.000ns)
  Data Path Delay:        0.306ns  (logic 0.141ns (46.061%)  route 0.165ns (53.939%))
  Logic Levels:           0  
  Clock Path Skew:        0.036ns (DCD - SCD - CPR)
    Destination Clock Delay (DCD):    2.131ns
    Source Clock Delay      (SCD):    1.607ns
    Clock Pessimism Removal (CPR):    0.488ns

    Location             Delay type                Incr(ns)  Path(ns)    Netlist Resource(s)
  -------------------------------------------------------------------    -------------------
                         (clock clk rise edge)        0.000     0.000 r  
    Y22                                               0.000     0.000 r  clk (IN)
                         net (fo=0)                   0.000     0.000    clk
    Y22                  IBUF (Prop_ibuf_I_O)         0.217     0.217 r  clk_IBUF_inst/O
                         net (fo=1, routed)           0.793     1.010    clk_IBUF
    BUFGCTRL_X0Y0        BUFG (Prop_bufg_I_O)         0.026     1.036 r  clk_IBUF_BUFG_inst/O
                         net (fo=873, routed)         0.571     1.607    clk_IBUF_BUFG
    SLICE_X9Y143         FDRE                                         r  state_reg[29]/C
  -------------------------------------------------------------------    -------------------
    SLICE_X9Y143         FDRE (Prop_fdre_C_Q)         0.141     1.748 r  state_reg[29]/Q
                         net (fo=11, routed)          0.165     1.913    p_2_in[29]
    SLICE_X11Y142        FDRE                                         r  hashR_reg[229]/D
  -------------------------------------------------------------------    -------------------

                         (clock clk rise edge)        0.000     0.000 r  
    Y22                                               0.000     0.000 r  clk (IN)
                         net (fo=0)                   0.000     0.000    clk
    Y22                  IBUF (Prop_ibuf_I_O)         0.406     0.406 r  clk_IBUF_inst/O
                         net (fo=1, routed)           0.855     1.262    clk_IBUF
    BUFGCTRL_X0Y0        BUFG (Prop_bufg_I_O)         0.029     1.291 r  clk_IBUF_BUFG_inst/O
                         net (fo=873, routed)         0.840     2.131    clk_IBUF_BUFG
    SLICE_X11Y142        FDRE                                         r  hashR_reg[229]/C
                         clock pessimism             -0.488     1.643    
    SLICE_X11Y142        FDRE (Hold_fdre_C_D)         0.070     1.713    hashR_reg[229]
  -------------------------------------------------------------------
                         required time                         -1.713    
                         arrival time                           1.913    
  -------------------------------------------------------------------
                         slack                                  0.200    

Slack (MET) :             0.203ns  (arrival time - required time)
  Source:                 state_reg[60]/C
                            (rising edge-triggered cell FDRE clocked by clk  {rise@0.000ns fall@2.500ns period=5.000ns})
  Destination:            hashR_reg[196]/D
                            (rising edge-triggered cell FDRE clocked by clk  {rise@0.000ns fall@2.500ns period=5.000ns})
  Path Group:             clk
  Path Type:              Hold (Min at Fast Process Corner)
  Requirement:            0.000ns  (clk rise@0.000ns - clk rise@0.000ns)
  Data Path Delay:        0.307ns  (logic 0.141ns (45.981%)  route 0.166ns (54.019%))
  Logic Levels:           0  
  Clock Path Skew:        0.038ns (DCD - SCD - CPR)
    Destination Clock Delay (DCD):    2.152ns
    Source Clock Delay      (SCD):    1.626ns
    Clock Pessimism Removal (CPR):    0.488ns

    Location             Delay type                Incr(ns)  Path(ns)    Netlist Resource(s)
  -------------------------------------------------------------------    -------------------
                         (clock clk rise edge)        0.000     0.000 r  
    Y22                                               0.000     0.000 r  clk (IN)
                         net (fo=0)                   0.000     0.000    clk
    Y22                  IBUF (Prop_ibuf_I_O)         0.217     0.217 r  clk_IBUF_inst/O
                         net (fo=1, routed)           0.793     1.010    clk_IBUF
    BUFGCTRL_X0Y0        BUFG (Prop_bufg_I_O)         0.026     1.036 r  clk_IBUF_BUFG_inst/O
                         net (fo=873, routed)         0.590     1.626    clk_IBUF_BUFG
    SLICE_X4Y120         FDRE                                         r  state_reg[60]/C
  -------------------------------------------------------------------    -------------------
    SLICE_X4Y120         FDRE (Prop_fdre_C_Q)         0.141     1.767 r  state_reg[60]/Q
                         net (fo=11, routed)          0.166     1.932    p_2_in[60]
    SLICE_X3Y120         FDRE                                         r  hashR_reg[196]/D
  -------------------------------------------------------------------    -------------------

                         (clock clk rise edge)        0.000     0.000 r  
    Y22                                               0.000     0.000 r  clk (IN)
                         net (fo=0)                   0.000     0.000    clk
    Y22                  IBUF (Prop_ibuf_I_O)         0.406     0.406 r  clk_IBUF_inst/O
                         net (fo=1, routed)           0.855     1.262    clk_IBUF
    BUFGCTRL_X0Y0        BUFG (Prop_bufg_I_O)         0.029     1.291 r  clk_IBUF_BUFG_inst/O
                         net (fo=873, routed)         0.861     2.152    clk_IBUF_BUFG
    SLICE_X3Y120         FDRE                                         r  hashR_reg[196]/C
                         clock pessimism             -0.488     1.664    
    SLICE_X3Y120         FDRE (Hold_fdre_C_D)         0.066     1.730    hashR_reg[196]
  -------------------------------------------------------------------
                         required time                         -1.730    
                         arrival time                           1.932    
  -------------------------------------------------------------------
                         slack                                  0.203    

Slack (MET) :             0.206ns  (arrival time - required time)
  Source:                 keyR_reg[50]/C
                            (rising edge-triggered cell FDRE clocked by clk  {rise@0.000ns fall@2.500ns period=5.000ns})
  Destination:            state_reg[114]/D
                            (rising edge-triggered cell FDRE clocked by clk  {rise@0.000ns fall@2.500ns period=5.000ns})
  Path Group:             clk
  Path Type:              Hold (Min at Fast Process Corner)
  Requirement:            0.000ns  (clk rise@0.000ns - clk rise@0.000ns)
  Data Path Delay:        0.312ns  (logic 0.186ns (59.631%)  route 0.126ns (40.369%))
  Logic Levels:           1  (LUT6=1)
  Clock Path Skew:        0.015ns (DCD - SCD - CPR)
    Destination Clock Delay (DCD):    2.156ns
    Source Clock Delay      (SCD):    1.630ns
    Clock Pessimism Removal (CPR):    0.511ns

    Location             Delay type                Incr(ns)  Path(ns)    Netlist Resource(s)
  -------------------------------------------------------------------    -------------------
                         (clock clk rise edge)        0.000     0.000 r  
    Y22                                               0.000     0.000 r  clk (IN)
                         net (fo=0)                   0.000     0.000    clk
    Y22                  IBUF (Prop_ibuf_I_O)         0.217     0.217 r  clk_IBUF_inst/O
                         net (fo=1, routed)           0.793     1.010    clk_IBUF
    BUFGCTRL_X0Y0        BUFG (Prop_bufg_I_O)         0.026     1.036 r  clk_IBUF_BUFG_inst/O
                         net (fo=873, routed)         0.594     1.630    clk_IBUF_BUFG
    SLICE_X3Y132         FDRE                                         r  keyR_reg[50]/C
  -------------------------------------------------------------------    -------------------
    SLICE_X3Y132         FDRE (Prop_fdre_C_Q)         0.141     1.771 r  keyR_reg[50]/Q
                         net (fo=4, routed)           0.126     1.897    FSMAscon/state_reg[191][50]
    SLICE_X3Y133         LUT6 (Prop_lut6_I5_O)        0.045     1.942 r  FSMAscon/state[114]_i_1/O
                         net (fo=1, routed)           0.000     1.942    p_1_in[114]
    SLICE_X3Y133         FDRE                                         r  state_reg[114]/D
  -------------------------------------------------------------------    -------------------

                         (clock clk rise edge)        0.000     0.000 r  
    Y22                                               0.000     0.000 r  clk (IN)
                         net (fo=0)                   0.000     0.000    clk
    Y22                  IBUF (Prop_ibuf_I_O)         0.406     0.406 r  clk_IBUF_inst/O
                         net (fo=1, routed)           0.855     1.262    clk_IBUF
    BUFGCTRL_X0Y0        BUFG (Prop_bufg_I_O)         0.029     1.291 r  clk_IBUF_BUFG_inst/O
                         net (fo=873, routed)         0.866     2.156    clk_IBUF_BUFG
    SLICE_X3Y133         FDRE                                         r  state_reg[114]/C
                         clock pessimism             -0.511     1.645    
    SLICE_X3Y133         FDRE (Hold_fdre_C_D)         0.091     1.736    state_reg[114]
  -------------------------------------------------------------------
                         required time                         -1.736    
                         arrival time                           1.942    
  -------------------------------------------------------------------
                         slack                                  0.206    

Slack (MET) :             0.208ns  (arrival time - required time)
  Source:                 Msg_reg[23]/C
                            (rising edge-triggered cell FDRE clocked by clk  {rise@0.000ns fall@2.500ns period=5.000ns})
  Destination:            state_reg[23]/D
                            (rising edge-triggered cell FDRE clocked by clk  {rise@0.000ns fall@2.500ns period=5.000ns})
  Path Group:             clk
  Path Type:              Hold (Min at Fast Process Corner)
  Requirement:            0.000ns  (clk rise@0.000ns - clk rise@0.000ns)
  Data Path Delay:        0.341ns  (logic 0.231ns (67.742%)  route 0.110ns (32.258%))
  Logic Levels:           2  (LUT5=1 LUT6=1)
  Clock Path Skew:        0.013ns (DCD - SCD - CPR)
    Destination Clock Delay (DCD):    2.131ns
    Source Clock Delay      (SCD):    1.606ns
    Clock Pessimism Removal (CPR):    0.512ns

    Location             Delay type                Incr(ns)  Path(ns)    Netlist Resource(s)
  -------------------------------------------------------------------    -------------------
                         (clock clk rise edge)        0.000     0.000 r  
    Y22                                               0.000     0.000 r  clk (IN)
                         net (fo=0)                   0.000     0.000    clk
    Y22                  IBUF (Prop_ibuf_I_O)         0.217     0.217 r  clk_IBUF_inst/O
                         net (fo=1, routed)           0.793     1.010    clk_IBUF
    BUFGCTRL_X0Y0        BUFG (Prop_bufg_I_O)         0.026     1.036 r  clk_IBUF_BUFG_inst/O
                         net (fo=873, routed)         0.570     1.606    clk_IBUF_BUFG
    SLICE_X13Y142        FDRE                                         r  Msg_reg[23]/C
  -------------------------------------------------------------------    -------------------
    SLICE_X13Y142        FDRE (Prop_fdre_C_Q)         0.141     1.747 r  Msg_reg[23]/Q
                         net (fo=1, routed)           0.054     1.801    FSMAscon/Q[23]
    SLICE_X12Y142        LUT5 (Prop_lut5_I2_O)        0.045     1.846 r  FSMAscon/state[23]_i_2/O
                         net (fo=1, routed)           0.056     1.902    FSMAscon/state[23]_i_2_n_0
    SLICE_X12Y142        LUT6 (Prop_lut6_I0_O)        0.045     1.947 r  FSMAscon/state[23]_i_1/O
                         net (fo=1, routed)           0.000     1.947    p_1_in[23]
    SLICE_X12Y142        FDRE                                         r  state_reg[23]/D
  -------------------------------------------------------------------    -------------------

                         (clock clk rise edge)        0.000     0.000 r  
    Y22                                               0.000     0.000 r  clk (IN)
                         net (fo=0)                   0.000     0.000    clk
    Y22                  IBUF (Prop_ibuf_I_O)         0.406     0.406 r  clk_IBUF_inst/O
                         net (fo=1, routed)           0.855     1.262    clk_IBUF
    BUFGCTRL_X0Y0        BUFG (Prop_bufg_I_O)         0.029     1.291 r  clk_IBUF_BUFG_inst/O
                         net (fo=873, routed)         0.840     2.131    clk_IBUF_BUFG
    SLICE_X12Y142        FDRE                                         r  state_reg[23]/C
                         clock pessimism             -0.512     1.619    
    SLICE_X12Y142        FDRE (Hold_fdre_C_D)         0.120     1.739    state_reg[23]
  -------------------------------------------------------------------
                         required time                         -1.739    
                         arrival time                           1.947    
  -------------------------------------------------------------------
                         slack                                  0.208    





Pulse Width Checks
--------------------------------------------------------------------------------------
Clock Name:         clk
Waveform(ns):       { 0.000 2.500 }
Period(ns):         5.000
Sources:            { clk }

Check Type        Corner  Lib Pin  Reference Pin  Required(ns)  Actual(ns)  Slack(ns)  Location       Pin
Min Period        n/a     BUFG/I   n/a            2.155         5.000       2.845      BUFGCTRL_X0Y0  clk_IBUF_BUFG_inst/I
Min Period        n/a     FDRE/C   n/a            1.000         5.000       4.000      SLICE_X1Y119   Msg_reg[0]/C
Min Period        n/a     FDRE/C   n/a            1.000         5.000       4.000      SLICE_X13Y142  Msg_reg[100]/C
Min Period        n/a     FDRE/C   n/a            1.000         5.000       4.000      SLICE_X7Y142   Msg_reg[101]/C
Min Period        n/a     FDRE/C   n/a            1.000         5.000       4.000      SLICE_X13Y141  Msg_reg[102]/C
Min Period        n/a     FDRE/C   n/a            1.000         5.000       4.000      SLICE_X11Y141  Msg_reg[103]/C
Min Period        n/a     FDRE/C   n/a            1.000         5.000       4.000      SLICE_X0Y141   Msg_reg[104]/C
Min Period        n/a     FDRE/C   n/a            1.000         5.000       4.000      SLICE_X0Y139   Msg_reg[105]/C
Min Period        n/a     FDRE/C   n/a            1.000         5.000       4.000      SLICE_X5Y142   Msg_reg[106]/C
Min Period        n/a     FDRE/C   n/a            1.000         5.000       4.000      SLICE_X1Y134   Msg_reg[107]/C
Low Pulse Width   Slow    FDRE/C   n/a            0.500         2.500       2.000      SLICE_X1Y119   Msg_reg[0]/C
Low Pulse Width   Fast    FDRE/C   n/a            0.500         2.500       2.000      SLICE_X1Y119   Msg_reg[0]/C
Low Pulse Width   Slow    FDRE/C   n/a            0.500         2.500       2.000      SLICE_X13Y142  Msg_reg[100]/C
Low Pulse Width   Fast    FDRE/C   n/a            0.500         2.500       2.000      SLICE_X13Y142  Msg_reg[100]/C
Low Pulse Width   Slow    FDRE/C   n/a            0.500         2.500       2.000      SLICE_X7Y142   Msg_reg[101]/C
Low Pulse Width   Fast    FDRE/C   n/a            0.500         2.500       2.000      SLICE_X7Y142   Msg_reg[101]/C
Low Pulse Width   Slow    FDRE/C   n/a            0.500         2.500       2.000      SLICE_X13Y141  Msg_reg[102]/C
Low Pulse Width   Fast    FDRE/C   n/a            0.500         2.500       2.000      SLICE_X13Y141  Msg_reg[102]/C
Low Pulse Width   Slow    FDRE/C   n/a            0.500         2.500       2.000      SLICE_X11Y141  Msg_reg[103]/C
Low Pulse Width   Fast    FDRE/C   n/a            0.500         2.500       2.000      SLICE_X11Y141  Msg_reg[103]/C
High Pulse Width  Slow    FDRE/C   n/a            0.500         2.500       2.000      SLICE_X1Y119   Msg_reg[0]/C
High Pulse Width  Fast    FDRE/C   n/a            0.500         2.500       2.000      SLICE_X1Y119   Msg_reg[0]/C
High Pulse Width  Slow    FDRE/C   n/a            0.500         2.500       2.000      SLICE_X13Y142  Msg_reg[100]/C
High Pulse Width  Fast    FDRE/C   n/a            0.500         2.500       2.000      SLICE_X13Y142  Msg_reg[100]/C
High Pulse Width  Slow    FDRE/C   n/a            0.500         2.500       2.000      SLICE_X7Y142   Msg_reg[101]/C
High Pulse Width  Fast    FDRE/C   n/a            0.500         2.500       2.000      SLICE_X7Y142   Msg_reg[101]/C
High Pulse Width  Slow    FDRE/C   n/a            0.500         2.500       2.000      SLICE_X13Y141  Msg_reg[102]/C
High Pulse Width  Fast    FDRE/C   n/a            0.500         2.500       2.000      SLICE_X13Y141  Msg_reg[102]/C
High Pulse Width  Slow    FDRE/C   n/a            0.500         2.500       2.000      SLICE_X11Y141  Msg_reg[103]/C
High Pulse Width  Fast    FDRE/C   n/a            0.500         2.500       2.000      SLICE_X11Y141  Msg_reg[103]/C



--------------------------------------------------------------------------------------
Path Group:  (none)
From Clock:  
  To Clock:  

Max Delay           128 Endpoints
Min Delay           128 Endpoints
--------------------------------------------------------------------------------------


Max Delay Paths
--------------------------------------------------------------------------------------
Slack:                    inf
  Source:                 busIN[120]
                            (input port)
  Destination:            busOUT[0]
                            (output port)
  Path Group:             (none)
  Path Type:              Max at Slow Process Corner
  Data Path Delay:        14.399ns  (logic 3.852ns (26.750%)  route 10.547ns (73.250%))
  Logic Levels:           4  (IBUF=1 LUT4=1 LUT5=1 OBUFT=1)

    Location             Delay type                Incr(ns)  Path(ns)    Netlist Resource(s)
  -------------------------------------------------------------------    -------------------
    M14                                               0.000     0.000 r  busIN[120] (IN)
                         net (fo=0)                   0.000     0.000    busIN[120]
    M14                  IBUF (Prop_ibuf_I_O)         0.997     0.997 r  busIN_IBUF[120]_inst/O
                         net (fo=5, routed)           2.040     3.037    FSMAscon/busIN_IBUF[120]
    SLICE_X1Y123         LUT4 (Prop_lut4_I3_O)        0.124     3.161 r  FSMAscon/busOUT_OBUFT[0]_inst_i_2/O
                         net (fo=1, routed)           1.134     4.295    FSMAscon/busOUT_OBUFT[0]_inst_i_2_n_0
    SLICE_X1Y122         LUT5 (Prop_lut5_I0_O)        0.124     4.419 r  FSMAscon/busOUT_OBUFT[0]_inst_i_1/O
                         net (fo=1, routed)           7.373    11.793    busOUT_OBUF[0]
    U17                  OBUFT (Prop_obuft_I_O)       2.607    14.399 r  busOUT_OBUFT[0]_inst/O
                         net (fo=0)                   0.000    14.399    busOUT[0]
    U17                                                               r  busOUT[0] (OUT)
  -------------------------------------------------------------------    -------------------

Slack:                    inf
  Source:                 busIN[82]
                            (input port)
  Destination:            busOUT[42]
                            (output port)
  Path Group:             (none)
  Path Type:              Max at Slow Process Corner
  Data Path Delay:        14.117ns  (logic 3.963ns (28.076%)  route 10.153ns (71.924%))
  Logic Levels:           4  (IBUF=1 LUT4=1 LUT5=1 OBUFT=1)

    Location             Delay type                Incr(ns)  Path(ns)    Netlist Resource(s)
  -------------------------------------------------------------------    -------------------
    G25                                               0.000     0.000 r  busIN[82] (IN)
                         net (fo=0)                   0.000     0.000    busIN[82]
    G25                  IBUF (Prop_ibuf_I_O)         1.059     1.059 r  busIN_IBUF[82]_inst/O
                         net (fo=5, routed)           3.431     4.490    FSMAscon/busIN_IBUF[82]
    SLICE_X12Y133        LUT4 (Prop_lut4_I3_O)        0.124     4.614 r  FSMAscon/busOUT_OBUFT[42]_inst_i_2/O
                         net (fo=1, routed)           0.990     5.604    FSMAscon/busOUT_OBUFT[42]_inst_i_2_n_0
    SLICE_X13Y134        LUT5 (Prop_lut5_I0_O)        0.124     5.728 r  FSMAscon/busOUT_OBUFT[42]_inst_i_1/O
                         net (fo=1, routed)           5.732    11.460    busOUT_OBUF[42]
    U2                   OBUFT (Prop_obuft_I_O)       2.657    14.117 r  busOUT_OBUFT[42]_inst/O
                         net (fo=0)                   0.000    14.117    busOUT[42]
    U2                                                                r  busOUT[42] (OUT)
  -------------------------------------------------------------------    -------------------

Slack:                    inf
  Source:                 busIN[98]
                            (input port)
  Destination:            busOUT[26]
                            (output port)
  Path Group:             (none)
  Path Type:              Max at Slow Process Corner
  Data Path Delay:        13.860ns  (logic 3.903ns (28.160%)  route 9.957ns (71.840%))
  Logic Levels:           4  (IBUF=1 LUT4=1 LUT5=1 OBUFT=1)

    Location             Delay type                Incr(ns)  Path(ns)    Netlist Resource(s)
  -------------------------------------------------------------------    -------------------
    G22                                               0.000     0.000 r  busIN[98] (IN)
                         net (fo=0)                   0.000     0.000    busIN[98]
    G22                  IBUF (Prop_ibuf_I_O)         1.010     1.010 r  busIN_IBUF[98]_inst/O
                         net (fo=5, routed)           3.020     4.030    FSMAscon/busIN_IBUF[98]
    SLICE_X5Y134         LUT4 (Prop_lut4_I3_O)        0.124     4.154 r  FSMAscon/busOUT_OBUFT[26]_inst_i_2/O
                         net (fo=1, routed)           0.497     4.651    FSMAscon/busOUT_OBUFT[26]_inst_i_2_n_0
    SLICE_X4Y134         LUT5 (Prop_lut5_I0_O)        0.124     4.775 r  FSMAscon/busOUT_OBUFT[26]_inst_i_1/O
                         net (fo=1, routed)           6.440    11.215    busOUT_OBUF[26]
    U22                  OBUFT (Prop_obuft_I_O)       2.645    13.860 r  busOUT_OBUFT[26]_inst/O
                         net (fo=0)                   0.000    13.860    busOUT[26]
    U22                                                               r  busOUT[26] (OUT)
  -------------------------------------------------------------------    -------------------

Slack:                    inf
  Source:                 busIN[50]
                            (input port)
  Destination:            busOUT[74]
                            (output port)
  Path Group:             (none)
  Path Type:              Max at Slow Process Corner
  Data Path Delay:        13.840ns  (logic 3.828ns (27.657%)  route 10.012ns (72.343%))
  Logic Levels:           4  (IBUF=1 LUT4=1 LUT5=1 OBUFT=1)

    Location             Delay type                Incr(ns)  Path(ns)    Netlist Resource(s)
  -------------------------------------------------------------------    -------------------
    R18                                               0.000     0.000 r  busIN[50] (IN)
                         net (fo=0)                   0.000     0.000    busIN[50]
    R18                  IBUF (Prop_ibuf_I_O)         0.945     0.945 r  busIN_IBUF[50]_inst/O
                         net (fo=5, routed)           3.827     4.772    FSMAscon/busIN_IBUF[50]
    SLICE_X2Y139         LUT4 (Prop_lut4_I3_O)        0.124     4.896 r  FSMAscon/busOUT_OBUFT[74]_inst_i_2/O
                         net (fo=1, routed)           0.993     5.888    FSMAscon/busOUT_OBUFT[74]_inst_i_2_n_0
    SLICE_X2Y140         LUT5 (Prop_lut5_I0_O)        0.124     6.012 r  FSMAscon/busOUT_OBUFT[74]_inst_i_1/O
                         net (fo=1, routed)           5.192    11.205    busOUT_OBUF[74]
    M7                   OBUFT (Prop_obuft_I_O)       2.635    13.840 r  busOUT_OBUFT[74]_inst/O
                         net (fo=0)                   0.000    13.840    busOUT[74]
    M7                                                                r  busOUT[74] (OUT)
  -------------------------------------------------------------------    -------------------

Slack:                    inf
  Source:                 busIN[101]
                            (input port)
  Destination:            busOUT[29]
                            (output port)
  Path Group:             (none)
  Path Type:              Max at Slow Process Corner
  Data Path Delay:        13.837ns  (logic 3.874ns (27.997%)  route 9.963ns (72.003%))
  Logic Levels:           4  (IBUF=1 LUT4=1 LUT5=1 OBUFT=1)

    Location             Delay type                Incr(ns)  Path(ns)    Netlist Resource(s)
  -------------------------------------------------------------------    -------------------
    H22                                               0.000     0.000 r  busIN[101] (IN)
                         net (fo=0)                   0.000     0.000    busIN[101]
    H22                  IBUF (Prop_ibuf_I_O)         0.995     0.995 r  busIN_IBUF[101]_inst/O
                         net (fo=5, routed)           3.031     4.026    FSMAscon/busIN_IBUF[101]
    SLICE_X9Y141         LUT4 (Prop_lut4_I3_O)        0.124     4.150 r  FSMAscon/busOUT_OBUFT[29]_inst_i_2/O
                         net (fo=1, routed)           0.772     4.922    FSMAscon/busOUT_OBUFT[29]_inst_i_2_n_0
    SLICE_X11Y136        LUT5 (Prop_lut5_I0_O)        0.124     5.046 r  FSMAscon/busOUT_OBUFT[29]_inst_i_1/O
                         net (fo=1, routed)           6.160    11.207    busOUT_OBUF[29]
    T7                   OBUFT (Prop_obuft_I_O)       2.631    13.837 r  busOUT_OBUFT[29]_inst/O
                         net (fo=0)                   0.000    13.837    busOUT[29]
    T7                                                                r  busOUT[29] (OUT)
  -------------------------------------------------------------------    -------------------

Slack:                    inf
  Source:                 busIN[52]
                            (input port)
  Destination:            busOUT[76]
                            (output port)
  Path Group:             (none)
  Path Type:              Max at Slow Process Corner
  Data Path Delay:        13.755ns  (logic 3.896ns (28.324%)  route 9.859ns (71.676%))
  Logic Levels:           4  (IBUF=1 LUT4=1 LUT5=1 OBUFT=1)

    Location             Delay type                Incr(ns)  Path(ns)    Netlist Resource(s)
  -------------------------------------------------------------------    -------------------
    T23                                               0.000     0.000 r  busIN[52] (IN)
                         net (fo=0)                   0.000     0.000    busIN[52]
    T23                  IBUF (Prop_ibuf_I_O)         0.990     0.990 r  busIN_IBUF[52]_inst/O
                         net (fo=5, routed)           3.407     4.397    FSMAscon/busIN_IBUF[52]
    SLICE_X1Y130         LUT4 (Prop_lut4_I3_O)        0.124     4.521 r  FSMAscon/busOUT_OBUFT[76]_inst_i_2/O
                         net (fo=1, routed)           1.376     5.897    FSMAscon/busOUT_OBUFT[76]_inst_i_2_n_0
    SLICE_X7Y129         LUT5 (Prop_lut5_I0_O)        0.124     6.021 r  FSMAscon/busOUT_OBUFT[76]_inst_i_1/O
                         net (fo=1, routed)           5.076    11.097    busOUT_OBUF[76]
    K3                   OBUFT (Prop_obuft_I_O)       2.657    13.755 r  busOUT_OBUFT[76]_inst/O
                         net (fo=0)                   0.000    13.755    busOUT[76]
    K3                                                                r  busOUT[76] (OUT)
  -------------------------------------------------------------------    -------------------

Slack:                    inf
  Source:                 busIN[105]
                            (input port)
  Destination:            busOUT[17]
                            (output port)
  Path Group:             (none)
  Path Type:              Max at Slow Process Corner
  Data Path Delay:        13.709ns  (logic 3.880ns (28.304%)  route 9.829ns (71.696%))
  Logic Levels:           4  (IBUF=1 LUT4=1 LUT5=1 OBUFT=1)

    Location             Delay type                Incr(ns)  Path(ns)    Netlist Resource(s)
  -------------------------------------------------------------------    -------------------
    G21                                               0.000     0.000 r  busIN[105] (IN)
                         net (fo=0)                   0.000     0.000    busIN[105]
    G21                  IBUF (Prop_ibuf_I_O)         0.993     0.993 r  busIN_IBUF[105]_inst/O
                         net (fo=5, routed)           2.611     3.604    FSMAscon/busIN_IBUF[105]
    SLICE_X4Y137         LUT4 (Prop_lut4_I3_O)        0.124     3.728 r  FSMAscon/busOUT_OBUFT[17]_inst_i_2/O
                         net (fo=1, routed)           0.279     4.007    FSMAscon/busOUT_OBUFT[17]_inst_i_2_n_0
    SLICE_X4Y137         LUT5 (Prop_lut5_I0_O)        0.124     4.131 r  FSMAscon/busOUT_OBUFT[17]_inst_i_1/O
                         net (fo=1, routed)           6.939    11.069    busOUT_OBUF[17]
    Y20                  OBUFT (Prop_obuft_I_O)       2.639    13.709 r  busOUT_OBUFT[17]_inst/O
                         net (fo=0)                   0.000    13.709    busOUT[17]
    Y20                                                               r  busOUT[17] (OUT)
  -------------------------------------------------------------------    -------------------

Slack:                    inf
  Source:                 busIN[100]
                            (input port)
  Destination:            busOUT[28]
                            (output port)
  Path Group:             (none)
  Path Type:              Max at Slow Process Corner
  Data Path Delay:        13.654ns  (logic 3.899ns (28.558%)  route 9.755ns (71.442%))
  Logic Levels:           4  (IBUF=1 LUT4=1 LUT5=1 OBUFT=1)

    Location             Delay type                Incr(ns)  Path(ns)    Netlist Resource(s)
  -------------------------------------------------------------------    -------------------
    J23                                               0.000     0.000 r  busIN[100] (IN)
                         net (fo=0)                   0.000     0.000    busIN[100]
    J23                  IBUF (Prop_ibuf_I_O)         1.000     1.000 r  busIN_IBUF[100]_inst/O
                         net (fo=5, routed)           2.172     3.173    FSMAscon/busIN_IBUF[100]
    SLICE_X13Y139        LUT4 (Prop_lut4_I3_O)        0.124     3.297 r  FSMAscon/busOUT_OBUFT[28]_inst_i_2/O
                         net (fo=1, routed)           1.420     4.717    FSMAscon/busOUT_OBUFT[28]_inst_i_2_n_0
    SLICE_X15Y138        LUT5 (Prop_lut5_I0_O)        0.124     4.841 r  FSMAscon/busOUT_OBUFT[28]_inst_i_1/O
                         net (fo=1, routed)           6.162    11.003    busOUT_OBUF[28]
    U4                   OBUFT (Prop_obuft_I_O)       2.651    13.654 r  busOUT_OBUFT[28]_inst/O
                         net (fo=0)                   0.000    13.654    busOUT[28]
    U4                                                                r  busOUT[28] (OUT)
  -------------------------------------------------------------------    -------------------

Slack:                    inf
  Source:                 busIN[65]
                            (input port)
  Destination:            busOUT[57]
                            (output port)
  Path Group:             (none)
  Path Type:              Max at Slow Process Corner
  Data Path Delay:        13.642ns  (logic 3.937ns (28.855%)  route 9.706ns (71.145%))
  Logic Levels:           4  (IBUF=1 LUT4=1 LUT5=1 OBUFT=1)

    Location             Delay type                Incr(ns)  Path(ns)    Netlist Resource(s)
  -------------------------------------------------------------------    -------------------
    P24                                               0.000     0.000 r  busIN[65] (IN)
                         net (fo=0)                   0.000     0.000    busIN[65]
    P24                  IBUF (Prop_ibuf_I_O)         0.994     0.994 r  busIN_IBUF[65]_inst/O
                         net (fo=5, routed)           3.715     4.709    FSMAscon/busIN_IBUF[65]
    SLICE_X12Y125        LUT4 (Prop_lut4_I3_O)        0.124     4.833 r  FSMAscon/busOUT_OBUFT[57]_inst_i_2/O
                         net (fo=1, routed)           0.989     5.822    FSMAscon/busOUT_OBUFT[57]_inst_i_2_n_0
    SLICE_X15Y125        LUT5 (Prop_lut5_I0_O)        0.124     5.946 r  FSMAscon/busOUT_OBUFT[57]_inst_i_1/O
                         net (fo=1, routed)           5.002    10.948    busOUT_OBUF[57]
    H1                   OBUFT (Prop_obuft_I_O)       2.695    13.642 r  busOUT_OBUFT[57]_inst/O
                         net (fo=0)                   0.000    13.642    busOUT[57]
    H1                                                                r  busOUT[57] (OUT)
  -------------------------------------------------------------------    -------------------

Slack:                    inf
  Source:                 busIN[55]
                            (input port)
  Destination:            busOUT[79]
                            (output port)
  Path Group:             (none)
  Path Type:              Max at Slow Process Corner
  Data Path Delay:        13.623ns  (logic 3.977ns (29.193%)  route 9.646ns (70.807%))
  Logic Levels:           4  (IBUF=1 LUT4=1 LUT5=1 OBUFT=1)

    Location             Delay type                Incr(ns)  Path(ns)    Netlist Resource(s)
  -------------------------------------------------------------------    -------------------
    P26                                               0.000     0.000 r  busIN[55] (IN)
                         net (fo=0)                   0.000     0.000    busIN[55]
    P26                  IBUF (Prop_ibuf_I_O)         1.010     1.010 r  busIN_IBUF[55]_inst/O
                         net (fo=5, routed)           4.003     5.012    FSMAscon/busIN_IBUF[55]
    SLICE_X7Y127         LUT4 (Prop_lut4_I3_O)        0.124     5.136 r  FSMAscon/busOUT_OBUFT[79]_inst_i_2/O
                         net (fo=1, routed)           1.056     6.192    FSMAscon/busOUT_OBUFT[79]_inst_i_2_n_0
    SLICE_X8Y127         LUT5 (Prop_lut5_I0_O)        0.124     6.316 r  FSMAscon/busOUT_OBUFT[79]_inst_i_1/O
                         net (fo=1, routed)           4.588    10.904    busOUT_OBUF[79]
    G1                   OBUFT (Prop_obuft_I_O)       2.720    13.623 r  busOUT_OBUFT[79]_inst/O
                         net (fo=0)                   0.000    13.623    busOUT[79]
    G1                                                                r  busOUT[79] (OUT)
  -------------------------------------------------------------------    -------------------





Min Delay Paths
--------------------------------------------------------------------------------------
Slack:                    inf
  Source:                 busIN[115]
                            (input port)
  Destination:            busOUT[11]
                            (output port)
  Path Group:             (none)
  Path Type:              Min at Fast Process Corner
  Data Path Delay:        3.452ns  (logic 1.410ns (40.845%)  route 2.042ns (59.155%))
  Logic Levels:           4  (IBUF=1 LUT4=1 LUT5=1 OBUFT=1)

    Location             Delay type                Incr(ns)  Path(ns)    Netlist Resource(s)
  -------------------------------------------------------------------    -------------------
    M17                                               0.000     0.000 r  busIN[115] (IN)
                         net (fo=0)                   0.000     0.000    busIN[115]
    M17                  IBUF (Prop_ibuf_I_O)         0.172     0.172 r  busIN_IBUF[115]_inst/O
                         net (fo=5, routed)           0.571     0.743    FSMAscon/busIN_IBUF[115]
    SLICE_X1Y132         LUT4 (Prop_lut4_I3_O)        0.045     0.788 r  FSMAscon/busOUT_OBUFT[11]_inst_i_2/O
                         net (fo=1, routed)           0.168     0.957    FSMAscon/busOUT_OBUFT[11]_inst_i_2_n_0
    SLICE_X0Y132         LUT5 (Prop_lut5_I0_O)        0.045     1.002 r  FSMAscon/busOUT_OBUFT[11]_inst_i_1/O
                         net (fo=1, routed)           1.303     2.304    busOUT_OBUF[11]
    W18                  OBUFT (Prop_obuft_I_O)       1.148     3.452 r  busOUT_OBUFT[11]_inst/O
                         net (fo=0)                   0.000     3.452    busOUT[11]
    W18                                                               r  busOUT[11] (OUT)
  -------------------------------------------------------------------    -------------------

Slack:                    inf
  Source:                 busIN[117]
                            (input port)
  Destination:            busOUT[13]
                            (output port)
  Path Group:             (none)
  Path Type:              Min at Fast Process Corner
  Data Path Delay:        3.539ns  (logic 1.438ns (40.623%)  route 2.101ns (59.377%))
  Logic Levels:           4  (IBUF=1 LUT4=1 LUT5=1 OBUFT=1)

    Location             Delay type                Incr(ns)  Path(ns)    Netlist Resource(s)
  -------------------------------------------------------------------    -------------------
    L15                                               0.000     0.000 r  busIN[117] (IN)
                         net (fo=0)                   0.000     0.000    busIN[117]
    L15                  IBUF (Prop_ibuf_I_O)         0.217     0.217 r  busIN_IBUF[117]_inst/O
                         net (fo=5, routed)           0.588     0.806    FSMAscon/busIN_IBUF[117]
    SLICE_X0Y129         LUT4 (Prop_lut4_I3_O)        0.045     0.851 r  FSMAscon/busOUT_OBUFT[13]_inst_i_2/O
                         net (fo=1, routed)           0.114     0.964    FSMAscon/busOUT_OBUFT[13]_inst_i_2_n_0
    SLICE_X0Y128         LUT5 (Prop_lut5_I0_O)        0.045     1.009 r  FSMAscon/busOUT_OBUFT[13]_inst_i_1/O
                         net (fo=1, routed)           1.399     2.409    busOUT_OBUF[13]
    W19                  OBUFT (Prop_obuft_I_O)       1.130     3.539 r  busOUT_OBUFT[13]_inst/O
                         net (fo=0)                   0.000     3.539    busOUT[13]
    W19                                                               r  busOUT[13] (OUT)
  -------------------------------------------------------------------    -------------------

Slack:                    inf
  Source:                 busIN[121]
                            (input port)
  Destination:            busOUT[1]
                            (output port)
  Path Group:             (none)
  Path Type:              Min at Fast Process Corner
  Data Path Delay:        3.675ns  (logic 1.448ns (39.393%)  route 2.227ns (60.607%))
  Logic Levels:           4  (IBUF=1 LUT4=1 LUT5=1 OBUFT=1)

    Location             Delay type                Incr(ns)  Path(ns)    Netlist Resource(s)
  -------------------------------------------------------------------    -------------------
    K17                                               0.000     0.000 r  busIN[121] (IN)
                         net (fo=0)                   0.000     0.000    busIN[121]
    K17                  IBUF (Prop_ibuf_I_O)         0.201     0.201 r  busIN_IBUF[121]_inst/O
                         net (fo=5, routed)           0.713     0.914    FSMAscon/busIN_IBUF[121]
    SLICE_X2Y127         LUT4 (Prop_lut4_I3_O)        0.045     0.959 r  FSMAscon/busOUT_OBUFT[1]_inst_i_2/O
                         net (fo=1, routed)           0.103     1.062    FSMAscon/busOUT_OBUFT[1]_inst_i_2_n_0
    SLICE_X0Y127         LUT5 (Prop_lut5_I0_O)        0.045     1.107 r  FSMAscon/busOUT_OBUFT[1]_inst_i_1/O
                         net (fo=1, routed)           1.412     2.519    busOUT_OBUF[1]
    V17                  OBUFT (Prop_obuft_I_O)       1.156     3.675 r  busOUT_OBUFT[1]_inst/O
                         net (fo=0)                   0.000     3.675    busOUT[1]
    V17                                                               r  busOUT[1] (OUT)
  -------------------------------------------------------------------    -------------------

Slack:                    inf
  Source:                 busIN[15]
                            (input port)
  Destination:            busOUT[119]
                            (output port)
  Path Group:             (none)
  Path Type:              Min at Fast Process Corner
  Data Path Delay:        3.773ns  (logic 1.494ns (39.610%)  route 2.278ns (60.390%))
  Logic Levels:           4  (IBUF=1 LUT4=1 LUT5=1 OBUFT=1)

    Location             Delay type                Incr(ns)  Path(ns)    Netlist Resource(s)
  -------------------------------------------------------------------    -------------------
    A22                                               0.000     0.000 r  busIN[15] (IN)
                         net (fo=0)                   0.000     0.000    busIN[15]
    A22                  IBUF (Prop_ibuf_I_O)         0.245     0.245 r  busIN_IBUF[15]_inst/O
                         net (fo=5, routed)           1.031     1.276    FSMAscon/busIN_IBUF[15]
    SLICE_X8Y131         LUT4 (Prop_lut4_I3_O)        0.045     1.321 r  FSMAscon/busOUT_OBUFT[119]_inst_i_2/O
                         net (fo=1, routed)           0.204     1.525    FSMAscon/busOUT_OBUFT[119]_inst_i_2_n_0
    SLICE_X11Y131        LUT5 (Prop_lut5_I0_O)        0.045     1.570 r  FSMAscon/busOUT_OBUFT[119]_inst_i_1/O
                         net (fo=1, routed)           1.044     2.614    busOUT_OBUF[119]
    F7                   OBUFT (Prop_obuft_I_O)       1.159     3.773 r  busOUT_OBUFT[119]_inst/O
                         net (fo=0)                   0.000     3.773    busOUT[119]
    F7                                                                r  busOUT[119] (OUT)
  -------------------------------------------------------------------    -------------------

Slack:                    inf
  Source:                 busIN[96]
                            (input port)
  Destination:            busOUT[24]
                            (output port)
  Path Group:             (none)
  Path Type:              Min at Fast Process Corner
  Data Path Delay:        4.029ns  (logic 1.465ns (36.355%)  route 2.564ns (63.645%))
  Logic Levels:           4  (IBUF=1 LUT4=1 LUT5=1 OBUFT=1)

    Location             Delay type                Incr(ns)  Path(ns)    Netlist Resource(s)
  -------------------------------------------------------------------    -------------------
    J24                                               0.000     0.000 r  busIN[96] (IN)
                         net (fo=0)                   0.000     0.000    busIN[96]
    J24                  IBUF (Prop_ibuf_I_O)         0.235     0.235 r  busIN_IBUF[96]_inst/O
                         net (fo=5, routed)           0.627     0.862    FSMAscon/busIN_IBUF[96]
    SLICE_X3Y134         LUT4 (Prop_lut4_I3_O)        0.045     0.907 r  FSMAscon/busOUT_OBUFT[24]_inst_i_2/O
                         net (fo=1, routed)           0.222     1.130    FSMAscon/busOUT_OBUFT[24]_inst_i_2_n_0
    SLICE_X3Y134         LUT5 (Prop_lut5_I0_O)        0.045     1.175 r  FSMAscon/busOUT_OBUFT[24]_inst_i_1/O
                         net (fo=1, routed)           1.714     2.889    busOUT_OBUF[24]
    U21                  OBUFT (Prop_obuft_I_O)       1.140     4.029 r  busOUT_OBUFT[24]_inst/O
                         net (fo=0)                   0.000     4.029    busOUT[24]
    U21                                                               r  busOUT[24] (OUT)
  -------------------------------------------------------------------    -------------------

Slack:                    inf
  Source:                 busIN[16]
                            (input port)
  Destination:            busOUT[104]
                            (output port)
  Path Group:             (none)
  Path Type:              Min at Fast Process Corner
  Data Path Delay:        4.045ns  (logic 1.513ns (37.407%)  route 2.532ns (62.593%))
  Logic Levels:           4  (IBUF=1 LUT4=1 LUT5=1 OBUFT=1)

    Location             Delay type                Incr(ns)  Path(ns)    Netlist Resource(s)
  -------------------------------------------------------------------    -------------------
    B22                                               0.000     0.000 r  busIN[16] (IN)
                         net (fo=0)                   0.000     0.000    busIN[16]
    B22                  IBUF (Prop_ibuf_I_O)         0.246     0.246 r  busIN_IBUF[16]_inst/O
                         net (fo=5, routed)           1.138     1.384    FSMAscon/busIN_IBUF[16]
    SLICE_X15Y131        LUT4 (Prop_lut4_I3_O)        0.045     1.429 r  FSMAscon/busOUT_OBUFT[104]_inst_i_2/O
                         net (fo=1, routed)           0.082     1.512    FSMAscon/busOUT_OBUFT[104]_inst_i_2_n_0
    SLICE_X15Y131        LUT5 (Prop_lut5_I0_O)        0.045     1.557 r  FSMAscon/busOUT_OBUFT[104]_inst_i_1/O
                         net (fo=1, routed)           1.311     2.868    busOUT_OBUF[104]
    G5                   OBUFT (Prop_obuft_I_O)       1.177     4.045 r  busOUT_OBUFT[104]_inst/O
                         net (fo=0)                   0.000     4.045    busOUT[104]
    G5                                                                r  busOUT[104] (OUT)
  -------------------------------------------------------------------    -------------------

Slack:                    inf
  Source:                 busIN[114]
                            (input port)
  Destination:            busOUT[10]
                            (output port)
  Path Group:             (none)
  Path Type:              Min at Fast Process Corner
  Data Path Delay:        4.064ns  (logic 1.472ns (36.210%)  route 2.592ns (63.790%))
  Logic Levels:           4  (IBUF=1 LUT4=1 LUT5=1 OBUFT=1)

    Location             Delay type                Incr(ns)  Path(ns)    Netlist Resource(s)
  -------------------------------------------------------------------    -------------------
    J19                                               0.000     0.000 r  busIN[114] (IN)
                         net (fo=0)                   0.000     0.000    busIN[114]
    J19                  IBUF (Prop_ibuf_I_O)         0.206     0.206 r  busIN_IBUF[114]_inst/O
                         net (fo=5, routed)           0.527     0.733    FSMAscon/busIN_IBUF[114]
    SLICE_X0Y133         LUT4 (Prop_lut4_I3_O)        0.045     0.778 r  FSMAscon/busOUT_OBUFT[10]_inst_i_2/O
                         net (fo=1, routed)           0.225     1.003    FSMAscon/busOUT_OBUFT[10]_inst_i_2_n_0
    SLICE_X0Y133         LUT5 (Prop_lut5_I0_O)        0.045     1.048 r  FSMAscon/busOUT_OBUFT[10]_inst_i_1/O
                         net (fo=1, routed)           1.841     2.888    busOUT_OBUF[10]
    T14                  OBUFT (Prop_obuft_I_O)       1.176     4.064 r  busOUT_OBUFT[10]_inst/O
                         net (fo=0)                   0.000     4.064    busOUT[10]
    T14                                                               r  busOUT[10] (OUT)
  -------------------------------------------------------------------    -------------------

Slack:                    inf
  Source:                 busIN[60]
                            (input port)
  Destination:            busOUT[68]
                            (output port)
  Path Group:             (none)
  Path Type:              Min at Fast Process Corner
  Data Path Delay:        4.098ns  (logic 1.489ns (36.332%)  route 2.609ns (63.668%))
  Logic Levels:           4  (IBUF=1 LUT4=1 LUT5=1 OBUFT=1)

    Location             Delay type                Incr(ns)  Path(ns)    Netlist Resource(s)
  -------------------------------------------------------------------    -------------------
    N26                                               0.000     0.000 r  busIN[60] (IN)
                         net (fo=0)                   0.000     0.000    busIN[60]
    N26                  IBUF (Prop_ibuf_I_O)         0.252     0.252 r  busIN_IBUF[60]_inst/O
                         net (fo=5, routed)           1.132     1.384    FSMAscon/busIN_IBUF[60]
    SLICE_X3Y120         LUT4 (Prop_lut4_I3_O)        0.045     1.429 r  FSMAscon/busOUT_OBUFT[68]_inst_i_2/O
                         net (fo=1, routed)           0.052     1.481    FSMAscon/busOUT_OBUFT[68]_inst_i_2_n_0
    SLICE_X3Y120         LUT5 (Prop_lut5_I0_O)        0.045     1.526 r  FSMAscon/busOUT_OBUFT[68]_inst_i_1/O
                         net (fo=1, routed)           1.425     2.951    busOUT_OBUF[68]
    N7                   OBUFT (Prop_obuft_I_O)       1.146     4.098 r  busOUT_OBUFT[68]_inst/O
                         net (fo=0)                   0.000     4.098    busOUT[68]
    N7                                                                r  busOUT[68] (OUT)
  -------------------------------------------------------------------    -------------------

Slack:                    inf
  Source:                 busIN[20]
                            (input port)
  Destination:            busOUT[108]
                            (output port)
  Path Group:             (none)
  Path Type:              Min at Fast Process Corner
  Data Path Delay:        4.120ns  (logic 1.463ns (35.509%)  route 2.657ns (64.491%))
  Logic Levels:           4  (IBUF=1 LUT4=1 LUT5=1 OBUFT=1)

    Location             Delay type                Incr(ns)  Path(ns)    Netlist Resource(s)
  -------------------------------------------------------------------    -------------------
    B20                                               0.000     0.000 r  busIN[20] (IN)
                         net (fo=0)                   0.000     0.000    busIN[20]
    B20                  IBUF (Prop_ibuf_I_O)         0.236     0.236 r  busIN_IBUF[20]_inst/O
                         net (fo=5, routed)           1.211     1.447    FSMAscon/busIN_IBUF[20]
    SLICE_X14Y134        LUT4 (Prop_lut4_I3_O)        0.045     1.492 r  FSMAscon/busOUT_OBUFT[108]_inst_i_2/O
                         net (fo=1, routed)           0.110     1.601    FSMAscon/busOUT_OBUFT[108]_inst_i_2_n_0
    SLICE_X15Y134        LUT5 (Prop_lut5_I0_O)        0.045     1.646 r  FSMAscon/busOUT_OBUFT[108]_inst_i_1/O
                         net (fo=1, routed)           1.337     2.983    busOUT_OBUF[108]
    K7                   OBUFT (Prop_obuft_I_O)       1.137     4.120 r  busOUT_OBUFT[108]_inst/O
                         net (fo=0)                   0.000     4.120    busOUT[108]
    K7                                                                r  busOUT[108] (OUT)
  -------------------------------------------------------------------    -------------------

Slack:                    inf
  Source:                 busIN[118]
                            (input port)
  Destination:            busOUT[14]
                            (output port)
  Path Group:             (none)
  Path Type:              Min at Fast Process Corner
  Data Path Delay:        4.142ns  (logic 1.425ns (34.401%)  route 2.717ns (65.599%))
  Logic Levels:           4  (IBUF=1 LUT4=1 LUT5=1 OBUFT=1)

    Location             Delay type                Incr(ns)  Path(ns)    Netlist Resource(s)
  -------------------------------------------------------------------    -------------------
    M15                                               0.000     0.000 r  busIN[118] (IN)
                         net (fo=0)                   0.000     0.000    busIN[118]
    M15                  IBUF (Prop_ibuf_I_O)         0.190     0.190 r  busIN_IBUF[118]_inst/O
                         net (fo=5, routed)           0.611     0.801    FSMAscon/busIN_IBUF[118]
    SLICE_X2Y127         LUT4 (Prop_lut4_I3_O)        0.045     0.846 r  FSMAscon/busOUT_OBUFT[14]_inst_i_2/O
                         net (fo=1, routed)           0.258     1.104    FSMAscon/busOUT_OBUFT[14]_inst_i_2_n_0
    SLICE_X1Y127         LUT5 (Prop_lut5_I0_O)        0.045     1.149 r  FSMAscon/busOUT_OBUFT[14]_inst_i_1/O
                         net (fo=1, routed)           1.848     2.997    busOUT_OBUF[14]
    V19                  OBUFT (Prop_obuft_I_O)       1.144     4.142 r  busOUT_OBUFT[14]_inst/O
                         net (fo=0)                   0.000     4.142    busOUT[14]
    V19                                                               r  busOUT[14] (OUT)
  -------------------------------------------------------------------    -------------------





--------------------------------------------------------------------------------------
Path Group:  (none)
From Clock:  clk
  To Clock:  

Max Delay           140 Endpoints
Min Delay           140 Endpoints
--------------------------------------------------------------------------------------


Max Delay Paths
--------------------------------------------------------------------------------------
Slack:                    inf
  Source:                 FSMAscon/FSMCommand_reg[0]_rep__1/C
                            (rising edge-triggered cell FDRE clocked by clk  {rise@0.000ns fall@2.500ns period=5.000ns})
  Destination:            busOUT[28]
                            (output port)
  Path Group:             (none)
  Path Type:              Max at Slow Process Corner
  Data Path Delay:        18.568ns  (logic 3.247ns (17.484%)  route 15.322ns (82.516%))
  Logic Levels:           2  (LUT5=1 OBUFT=1)
  Clock Uncertainty:      0.025ns  ((TSJ^2 + TIJ^2)^1/2 + DJ) / 2 + PE
    Total System Jitter     (TSJ):    0.050ns
    Total Input Jitter      (TIJ):    0.000ns
    Discrete Jitter          (DJ):    0.000ns
    Phase Error              (PE):    0.000ns

    Location             Delay type                Incr(ns)  Path(ns)    Netlist Resource(s)
  -------------------------------------------------------------------    -------------------
                         (clock clk rise edge)        0.000     0.000 r  
    Y22                                               0.000     0.000 r  clk (IN)
                         net (fo=0)                   0.000     0.000    clk
    Y22                  IBUF (Prop_ibuf_I_O)         0.988     0.988 r  clk_IBUF_inst/O
                         net (fo=1, routed)           2.324     3.312    clk_IBUF
    BUFGCTRL_X0Y0        BUFG (Prop_bufg_I_O)         0.096     3.408 r  clk_IBUF_BUFG_inst/O
                         net (fo=873, routed)         1.702     5.110    FSMAscon/clk_IBUF_BUFG
    SLICE_X4Y116         FDRE                                         r  FSMAscon/FSMCommand_reg[0]_rep__1/C
  -------------------------------------------------------------------    -------------------
    SLICE_X4Y116         FDRE (Prop_fdre_C_Q)         0.456     5.566 r  FSMAscon/FSMCommand_reg[0]_rep__1/Q
                         net (fo=135, routed)         0.992     6.558    FSMAscon/FSMCommand_reg[0]_rep__1_n_0
    SLICE_X4Y119         LUT5 (Prop_lut5_I2_O)        0.124     6.682 f  FSMAscon/busOUT_OBUFT[127]_inst_i_2/O
                         net (fo=128, routed)        14.330    21.012    busOUT_TRI[0]
    U4                   OBUFT (TriStatE_obuft_T_O)
                                                      2.667    23.678 r  busOUT_OBUFT[28]_inst/O
                         net (fo=0)                   0.000    23.678    busOUT[28]
    U4                                                                r  busOUT[28] (OUT)
  -------------------------------------------------------------------    -------------------

Slack:                    inf
  Source:                 FSMAscon/FSMCommand_reg[0]_rep__1/C
                            (rising edge-triggered cell FDRE clocked by clk  {rise@0.000ns fall@2.500ns period=5.000ns})
  Destination:            busOUT[29]
                            (output port)
  Path Group:             (none)
  Path Type:              Max at Slow Process Corner
  Data Path Delay:        18.408ns  (logic 3.226ns (17.526%)  route 15.182ns (82.474%))
  Logic Levels:           2  (LUT5=1 OBUFT=1)
  Clock Uncertainty:      0.025ns  ((TSJ^2 + TIJ^2)^1/2 + DJ) / 2 + PE
    Total System Jitter     (TSJ):    0.050ns
    Total Input Jitter      (TIJ):    0.000ns
    Discrete Jitter          (DJ):    0.000ns
    Phase Error              (PE):    0.000ns

    Location             Delay type                Incr(ns)  Path(ns)    Netlist Resource(s)
  -------------------------------------------------------------------    -------------------
                         (clock clk rise edge)        0.000     0.000 r  
    Y22                                               0.000     0.000 r  clk (IN)
                         net (fo=0)                   0.000     0.000    clk
    Y22                  IBUF (Prop_ibuf_I_O)         0.988     0.988 r  clk_IBUF_inst/O
                         net (fo=1, routed)           2.324     3.312    clk_IBUF
    BUFGCTRL_X0Y0        BUFG (Prop_bufg_I_O)         0.096     3.408 r  clk_IBUF_BUFG_inst/O
                         net (fo=873, routed)         1.702     5.110    FSMAscon/clk_IBUF_BUFG
    SLICE_X4Y116         FDRE                                         r  FSMAscon/FSMCommand_reg[0]_rep__1/C
  -------------------------------------------------------------------    -------------------
    SLICE_X4Y116         FDRE (Prop_fdre_C_Q)         0.456     5.566 r  FSMAscon/FSMCommand_reg[0]_rep__1/Q
                         net (fo=135, routed)         0.992     6.558    FSMAscon/FSMCommand_reg[0]_rep__1_n_0
    SLICE_X4Y119         LUT5 (Prop_lut5_I2_O)        0.124     6.682 f  FSMAscon/busOUT_OBUFT[127]_inst_i_2/O
                         net (fo=128, routed)        14.190    20.872    busOUT_TRI[0]
    T7                   OBUFT (TriStatE_obuft_T_O)
                                                      2.646    23.518 r  busOUT_OBUFT[29]_inst/O
                         net (fo=0)                   0.000    23.518    busOUT[29]
    T7                                                                r  busOUT[29] (OUT)
  -------------------------------------------------------------------    -------------------

Slack:                    inf
  Source:                 FSMAscon/FSMCommand_reg[0]_rep__1/C
                            (rising edge-triggered cell FDRE clocked by clk  {rise@0.000ns fall@2.500ns period=5.000ns})
  Destination:            busOUT[30]
                            (output port)
  Path Group:             (none)
  Path Type:              Max at Slow Process Corner
  Data Path Delay:        18.248ns  (logic 3.216ns (17.623%)  route 15.032ns (82.377%))
  Logic Levels:           2  (LUT5=1 OBUFT=1)
  Clock Uncertainty:      0.025ns  ((TSJ^2 + TIJ^2)^1/2 + DJ) / 2 + PE
    Total System Jitter     (TSJ):    0.050ns
    Total Input Jitter      (TIJ):    0.000ns
    Discrete Jitter          (DJ):    0.000ns
    Phase Error              (PE):    0.000ns

    Location             Delay type                Incr(ns)  Path(ns)    Netlist Resource(s)
  -------------------------------------------------------------------    -------------------
                         (clock clk rise edge)        0.000     0.000 r  
    Y22                                               0.000     0.000 r  clk (IN)
                         net (fo=0)                   0.000     0.000    clk
    Y22                  IBUF (Prop_ibuf_I_O)         0.988     0.988 r  clk_IBUF_inst/O
                         net (fo=1, routed)           2.324     3.312    clk_IBUF
    BUFGCTRL_X0Y0        BUFG (Prop_bufg_I_O)         0.096     3.408 r  clk_IBUF_BUFG_inst/O
                         net (fo=873, routed)         1.702     5.110    FSMAscon/clk_IBUF_BUFG
    SLICE_X4Y116         FDRE                                         r  FSMAscon/FSMCommand_reg[0]_rep__1/C
  -------------------------------------------------------------------    -------------------
    SLICE_X4Y116         FDRE (Prop_fdre_C_Q)         0.456     5.566 r  FSMAscon/FSMCommand_reg[0]_rep__1/Q
                         net (fo=135, routed)         0.992     6.558    FSMAscon/FSMCommand_reg[0]_rep__1_n_0
    SLICE_X4Y119         LUT5 (Prop_lut5_I2_O)        0.124     6.682 f  FSMAscon/busOUT_OBUFT[127]_inst_i_2/O
                         net (fo=128, routed)        14.040    20.722    busOUT_TRI[0]
    T8                   OBUFT (TriStatE_obuft_T_O)
                                                      2.636    23.358 r  busOUT_OBUFT[30]_inst/O
                         net (fo=0)                   0.000    23.358    busOUT[30]
    T8                                                                r  busOUT[30] (OUT)
  -------------------------------------------------------------------    -------------------

Slack:                    inf
  Source:                 FSMAscon/FSMCommand_reg[0]_rep__1/C
                            (rising edge-triggered cell FDRE clocked by clk  {rise@0.000ns fall@2.500ns period=5.000ns})
  Destination:            busOUT[31]
                            (output port)
  Path Group:             (none)
  Path Type:              Max at Slow Process Corner
  Data Path Delay:        18.133ns  (logic 3.251ns (17.930%)  route 14.882ns (82.070%))
  Logic Levels:           2  (LUT5=1 OBUFT=1)
  Clock Uncertainty:      0.025ns  ((TSJ^2 + TIJ^2)^1/2 + DJ) / 2 + PE
    Total System Jitter     (TSJ):    0.050ns
    Total Input Jitter      (TIJ):    0.000ns
    Discrete Jitter          (DJ):    0.000ns
    Phase Error              (PE):    0.000ns

    Location             Delay type                Incr(ns)  Path(ns)    Netlist Resource(s)
  -------------------------------------------------------------------    -------------------
                         (clock clk rise edge)        0.000     0.000 r  
    Y22                                               0.000     0.000 r  clk (IN)
                         net (fo=0)                   0.000     0.000    clk
    Y22                  IBUF (Prop_ibuf_I_O)         0.988     0.988 r  clk_IBUF_inst/O
                         net (fo=1, routed)           2.324     3.312    clk_IBUF
    BUFGCTRL_X0Y0        BUFG (Prop_bufg_I_O)         0.096     3.408 r  clk_IBUF_BUFG_inst/O
                         net (fo=873, routed)         1.702     5.110    FSMAscon/clk_IBUF_BUFG
    SLICE_X4Y116         FDRE                                         r  FSMAscon/FSMCommand_reg[0]_rep__1/C
  -------------------------------------------------------------------    -------------------
    SLICE_X4Y116         FDRE (Prop_fdre_C_Q)         0.456     5.566 r  FSMAscon/FSMCommand_reg[0]_rep__1/Q
                         net (fo=135, routed)         0.992     6.558    FSMAscon/FSMCommand_reg[0]_rep__1_n_0
    SLICE_X4Y119         LUT5 (Prop_lut5_I2_O)        0.124     6.682 f  FSMAscon/busOUT_OBUFT[127]_inst_i_2/O
                         net (fo=128, routed)        13.890    20.572    busOUT_TRI[0]
    R6                   OBUFT (TriStatE_obuft_T_O)
                                                      2.671    23.243 r  busOUT_OBUFT[31]_inst/O
                         net (fo=0)                   0.000    23.243    busOUT[31]
    R6                                                                r  busOUT[31] (OUT)
  -------------------------------------------------------------------    -------------------

Slack:                    inf
  Source:                 FSMAscon/FSMCommand_reg[0]_rep__1/C
                            (rising edge-triggered cell FDRE clocked by clk  {rise@0.000ns fall@2.500ns period=5.000ns})
  Destination:            busOUT[32]
                            (output port)
  Path Group:             (none)
  Path Type:              Max at Slow Process Corner
  Data Path Delay:        17.973ns  (logic 3.241ns (18.035%)  route 14.732ns (81.965%))
  Logic Levels:           2  (LUT5=1 OBUFT=1)
  Clock Uncertainty:      0.025ns  ((TSJ^2 + TIJ^2)^1/2 + DJ) / 2 + PE
    Total System Jitter     (TSJ):    0.050ns
    Total Input Jitter      (TIJ):    0.000ns
    Discrete Jitter          (DJ):    0.000ns
    Phase Error              (PE):    0.000ns

    Location             Delay type                Incr(ns)  Path(ns)    Netlist Resource(s)
  -------------------------------------------------------------------    -------------------
                         (clock clk rise edge)        0.000     0.000 r  
    Y22                                               0.000     0.000 r  clk (IN)
                         net (fo=0)                   0.000     0.000    clk
    Y22                  IBUF (Prop_ibuf_I_O)         0.988     0.988 r  clk_IBUF_inst/O
                         net (fo=1, routed)           2.324     3.312    clk_IBUF
    BUFGCTRL_X0Y0        BUFG (Prop_bufg_I_O)         0.096     3.408 r  clk_IBUF_BUFG_inst/O
                         net (fo=873, routed)         1.702     5.110    FSMAscon/clk_IBUF_BUFG
    SLICE_X4Y116         FDRE                                         r  FSMAscon/FSMCommand_reg[0]_rep__1/C
  -------------------------------------------------------------------    -------------------
    SLICE_X4Y116         FDRE (Prop_fdre_C_Q)         0.456     5.566 r  FSMAscon/FSMCommand_reg[0]_rep__1/Q
                         net (fo=135, routed)         0.992     6.558    FSMAscon/FSMCommand_reg[0]_rep__1_n_0
    SLICE_X4Y119         LUT5 (Prop_lut5_I2_O)        0.124     6.682 f  FSMAscon/busOUT_OBUFT[127]_inst_i_2/O
                         net (fo=128, routed)        13.740    20.422    busOUT_TRI[0]
    R7                   OBUFT (TriStatE_obuft_T_O)
                                                      2.661    23.083 r  busOUT_OBUFT[32]_inst/O
                         net (fo=0)                   0.000    23.083    busOUT[32]
    R7                                                                r  busOUT[32] (OUT)
  -------------------------------------------------------------------    -------------------

Slack:                    inf
  Source:                 FSMAscon/FSMCommand_reg[0]_rep__1/C
                            (rising edge-triggered cell FDRE clocked by clk  {rise@0.000ns fall@2.500ns period=5.000ns})
  Destination:            busOUT[33]
                            (output port)
  Path Group:             (none)
  Path Type:              Max at Slow Process Corner
  Data Path Delay:        17.804ns  (logic 3.222ns (18.097%)  route 14.582ns (81.903%))
  Logic Levels:           2  (LUT5=1 OBUFT=1)
  Clock Uncertainty:      0.025ns  ((TSJ^2 + TIJ^2)^1/2 + DJ) / 2 + PE
    Total System Jitter     (TSJ):    0.050ns
    Total Input Jitter      (TIJ):    0.000ns
    Discrete Jitter          (DJ):    0.000ns
    Phase Error              (PE):    0.000ns

    Location             Delay type                Incr(ns)  Path(ns)    Netlist Resource(s)
  -------------------------------------------------------------------    -------------------
                         (clock clk rise edge)        0.000     0.000 r  
    Y22                                               0.000     0.000 r  clk (IN)
                         net (fo=0)                   0.000     0.000    clk
    Y22                  IBUF (Prop_ibuf_I_O)         0.988     0.988 r  clk_IBUF_inst/O
                         net (fo=1, routed)           2.324     3.312    clk_IBUF
    BUFGCTRL_X0Y0        BUFG (Prop_bufg_I_O)         0.096     3.408 r  clk_IBUF_BUFG_inst/O
                         net (fo=873, routed)         1.702     5.110    FSMAscon/clk_IBUF_BUFG
    SLICE_X4Y116         FDRE                                         r  FSMAscon/FSMCommand_reg[0]_rep__1/C
  -------------------------------------------------------------------    -------------------
    SLICE_X4Y116         FDRE (Prop_fdre_C_Q)         0.456     5.566 r  FSMAscon/FSMCommand_reg[0]_rep__1/Q
                         net (fo=135, routed)         0.992     6.558    FSMAscon/FSMCommand_reg[0]_rep__1_n_0
    SLICE_X4Y119         LUT5 (Prop_lut5_I2_O)        0.124     6.682 f  FSMAscon/busOUT_OBUFT[127]_inst_i_2/O
                         net (fo=128, routed)        13.590    20.272    busOUT_TRI[0]
    P8                   OBUFT (TriStatE_obuft_T_O)
                                                      2.642    22.914 r  busOUT_OBUFT[33]_inst/O
                         net (fo=0)                   0.000    22.914    busOUT[33]
    P8                                                                r  busOUT[33] (OUT)
  -------------------------------------------------------------------    -------------------

Slack:                    inf
  Source:                 FSMAscon/FSMCommand_reg[0]_rep__1/C
                            (rising edge-triggered cell FDRE clocked by clk  {rise@0.000ns fall@2.500ns period=5.000ns})
  Destination:            busOUT[34]
                            (output port)
  Path Group:             (none)
  Path Type:              Max at Slow Process Corner
  Data Path Delay:        17.651ns  (logic 3.219ns (18.238%)  route 14.432ns (81.762%))
  Logic Levels:           2  (LUT5=1 OBUFT=1)
  Clock Uncertainty:      0.025ns  ((TSJ^2 + TIJ^2)^1/2 + DJ) / 2 + PE
    Total System Jitter     (TSJ):    0.050ns
    Total Input Jitter      (TIJ):    0.000ns
    Discrete Jitter          (DJ):    0.000ns
    Phase Error              (PE):    0.000ns

    Location             Delay type                Incr(ns)  Path(ns)    Netlist Resource(s)
  -------------------------------------------------------------------    -------------------
                         (clock clk rise edge)        0.000     0.000 r  
    Y22                                               0.000     0.000 r  clk (IN)
                         net (fo=0)                   0.000     0.000    clk
    Y22                  IBUF (Prop_ibuf_I_O)         0.988     0.988 r  clk_IBUF_inst/O
                         net (fo=1, routed)           2.324     3.312    clk_IBUF
    BUFGCTRL_X0Y0        BUFG (Prop_bufg_I_O)         0.096     3.408 r  clk_IBUF_BUFG_inst/O
                         net (fo=873, routed)         1.702     5.110    FSMAscon/clk_IBUF_BUFG
    SLICE_X4Y116         FDRE                                         r  FSMAscon/FSMCommand_reg[0]_rep__1/C
  -------------------------------------------------------------------    -------------------
    SLICE_X4Y116         FDRE (Prop_fdre_C_Q)         0.456     5.566 r  FSMAscon/FSMCommand_reg[0]_rep__1/Q
                         net (fo=135, routed)         0.992     6.558    FSMAscon/FSMCommand_reg[0]_rep__1_n_0
    SLICE_X4Y119         LUT5 (Prop_lut5_I2_O)        0.124     6.682 f  FSMAscon/busOUT_OBUFT[127]_inst_i_2/O
                         net (fo=128, routed)        13.441    20.122    busOUT_TRI[0]
    R8                   OBUFT (TriStatE_obuft_T_O)
                                                      2.639    22.761 r  busOUT_OBUFT[34]_inst/O
                         net (fo=0)                   0.000    22.761    busOUT[34]
    R8                                                                r  busOUT[34] (OUT)
  -------------------------------------------------------------------    -------------------

Slack:                    inf
  Source:                 FSMAscon/FSMCommand_reg[0]_rep__1/C
                            (rising edge-triggered cell FDRE clocked by clk  {rise@0.000ns fall@2.500ns period=5.000ns})
  Destination:            busOUT[35]
                            (output port)
  Path Group:             (none)
  Path Type:              Max at Slow Process Corner
  Data Path Delay:        17.514ns  (logic 3.232ns (18.453%)  route 14.282ns (81.547%))
  Logic Levels:           2  (LUT5=1 OBUFT=1)
  Clock Uncertainty:      0.025ns  ((TSJ^2 + TIJ^2)^1/2 + DJ) / 2 + PE
    Total System Jitter     (TSJ):    0.050ns
    Total Input Jitter      (TIJ):    0.000ns
    Discrete Jitter          (DJ):    0.000ns
    Phase Error              (PE):    0.000ns

    Location             Delay type                Incr(ns)  Path(ns)    Netlist Resource(s)
  -------------------------------------------------------------------    -------------------
                         (clock clk rise edge)        0.000     0.000 r  
    Y22                                               0.000     0.000 r  clk (IN)
                         net (fo=0)                   0.000     0.000    clk
    Y22                  IBUF (Prop_ibuf_I_O)         0.988     0.988 r  clk_IBUF_inst/O
                         net (fo=1, routed)           2.324     3.312    clk_IBUF
    BUFGCTRL_X0Y0        BUFG (Prop_bufg_I_O)         0.096     3.408 r  clk_IBUF_BUFG_inst/O
                         net (fo=873, routed)         1.702     5.110    FSMAscon/clk_IBUF_BUFG
    SLICE_X4Y116         FDRE                                         r  FSMAscon/FSMCommand_reg[0]_rep__1/C
  -------------------------------------------------------------------    -------------------
    SLICE_X4Y116         FDRE (Prop_fdre_C_Q)         0.456     5.566 r  FSMAscon/FSMCommand_reg[0]_rep__1/Q
                         net (fo=135, routed)         0.992     6.558    FSMAscon/FSMCommand_reg[0]_rep__1_n_0
    SLICE_X4Y119         LUT5 (Prop_lut5_I2_O)        0.124     6.682 f  FSMAscon/busOUT_OBUFT[127]_inst_i_2/O
                         net (fo=128, routed)        13.291    19.972    busOUT_TRI[0]
    U5                   OBUFT (TriStatE_obuft_T_O)
                                                      2.652    22.624 r  busOUT_OBUFT[35]_inst/O
                         net (fo=0)                   0.000    22.624    busOUT[35]
    U5                                                                r  busOUT[35] (OUT)
  -------------------------------------------------------------------    -------------------

Slack:                    inf
  Source:                 FSMAscon/FSMCommand_reg[0]_rep__1/C
                            (rising edge-triggered cell FDRE clocked by clk  {rise@0.000ns fall@2.500ns period=5.000ns})
  Destination:            busOUT[36]
                            (output port)
  Path Group:             (none)
  Path Type:              Max at Slow Process Corner
  Data Path Delay:        17.365ns  (logic 3.232ns (18.614%)  route 14.132ns (81.386%))
  Logic Levels:           2  (LUT5=1 OBUFT=1)
  Clock Uncertainty:      0.025ns  ((TSJ^2 + TIJ^2)^1/2 + DJ) / 2 + PE
    Total System Jitter     (TSJ):    0.050ns
    Total Input Jitter      (TIJ):    0.000ns
    Discrete Jitter          (DJ):    0.000ns
    Phase Error              (PE):    0.000ns

    Location             Delay type                Incr(ns)  Path(ns)    Netlist Resource(s)
  -------------------------------------------------------------------    -------------------
                         (clock clk rise edge)        0.000     0.000 r  
    Y22                                               0.000     0.000 r  clk (IN)
                         net (fo=0)                   0.000     0.000    clk
    Y22                  IBUF (Prop_ibuf_I_O)         0.988     0.988 r  clk_IBUF_inst/O
                         net (fo=1, routed)           2.324     3.312    clk_IBUF
    BUFGCTRL_X0Y0        BUFG (Prop_bufg_I_O)         0.096     3.408 r  clk_IBUF_BUFG_inst/O
                         net (fo=873, routed)         1.702     5.110    FSMAscon/clk_IBUF_BUFG
    SLICE_X4Y116         FDRE                                         r  FSMAscon/FSMCommand_reg[0]_rep__1/C
  -------------------------------------------------------------------    -------------------
    SLICE_X4Y116         FDRE (Prop_fdre_C_Q)         0.456     5.566 r  FSMAscon/FSMCommand_reg[0]_rep__1/Q
                         net (fo=135, routed)         0.992     6.558    FSMAscon/FSMCommand_reg[0]_rep__1_n_0
    SLICE_X4Y119         LUT5 (Prop_lut5_I2_O)        0.124     6.682 f  FSMAscon/busOUT_OBUFT[127]_inst_i_2/O
                         net (fo=128, routed)        13.141    19.822    busOUT_TRI[0]
    U6                   OBUFT (TriStatE_obuft_T_O)
                                                      2.652    22.475 r  busOUT_OBUFT[36]_inst/O
                         net (fo=0)                   0.000    22.475    busOUT[36]
    U6                                                                r  busOUT[36] (OUT)
  -------------------------------------------------------------------    -------------------

Slack:                    inf
  Source:                 FSMAscon/FSMCommand_reg[0]_rep__1/C
                            (rising edge-triggered cell FDRE clocked by clk  {rise@0.000ns fall@2.500ns period=5.000ns})
  Destination:            busOUT[37]
                            (output port)
  Path Group:             (none)
  Path Type:              Max at Slow Process Corner
  Data Path Delay:        17.218ns  (logic 3.236ns (18.792%)  route 13.982ns (81.208%))
  Logic Levels:           2  (LUT5=1 OBUFT=1)
  Clock Uncertainty:      0.025ns  ((TSJ^2 + TIJ^2)^1/2 + DJ) / 2 + PE
    Total System Jitter     (TSJ):    0.050ns
    Total Input Jitter      (TIJ):    0.000ns
    Discrete Jitter          (DJ):    0.000ns
    Phase Error              (PE):    0.000ns

    Location             Delay type                Incr(ns)  Path(ns)    Netlist Resource(s)
  -------------------------------------------------------------------    -------------------
                         (clock clk rise edge)        0.000     0.000 r  
    Y22                                               0.000     0.000 r  clk (IN)
                         net (fo=0)                   0.000     0.000    clk
    Y22                  IBUF (Prop_ibuf_I_O)         0.988     0.988 r  clk_IBUF_inst/O
                         net (fo=1, routed)           2.324     3.312    clk_IBUF
    BUFGCTRL_X0Y0        BUFG (Prop_bufg_I_O)         0.096     3.408 r  clk_IBUF_BUFG_inst/O
                         net (fo=873, routed)         1.702     5.110    FSMAscon/clk_IBUF_BUFG
    SLICE_X4Y116         FDRE                                         r  FSMAscon/FSMCommand_reg[0]_rep__1/C
  -------------------------------------------------------------------    -------------------
    SLICE_X4Y116         FDRE (Prop_fdre_C_Q)         0.456     5.566 r  FSMAscon/FSMCommand_reg[0]_rep__1/Q
                         net (fo=135, routed)         0.992     6.558    FSMAscon/FSMCommand_reg[0]_rep__1_n_0
    SLICE_X4Y119         LUT5 (Prop_lut5_I2_O)        0.124     6.682 f  FSMAscon/busOUT_OBUFT[127]_inst_i_2/O
                         net (fo=128, routed)        12.991    19.672    busOUT_TRI[0]
    R5                   OBUFT (TriStatE_obuft_T_O)
                                                      2.656    22.328 r  busOUT_OBUFT[37]_inst/O
                         net (fo=0)                   0.000    22.328    busOUT[37]
    R5                                                                r  busOUT[37] (OUT)
  -------------------------------------------------------------------    -------------------





Min Delay Paths
--------------------------------------------------------------------------------------
Slack:                    inf
  Source:                 FSMAscon/busOutEnable_reg/C
                            (rising edge-triggered cell FDRE clocked by clk  {rise@0.000ns fall@2.500ns period=5.000ns})
  Destination:            busOutEnable
                            (output port)
  Path Group:             (none)
  Path Type:              Min at Fast Process Corner
  Data Path Delay:        2.328ns  (logic 1.353ns (58.112%)  route 0.975ns (41.888%))
  Logic Levels:           1  (OBUF=1)
  Clock Uncertainty:      0.025ns  ((TSJ^2 + TIJ^2)^1/2 + DJ) / 2 + PE
    Total System Jitter     (TSJ):    0.050ns
    Total Input Jitter      (TIJ):    0.000ns
    Discrete Jitter          (DJ):    0.000ns
    Phase Error              (PE):    0.000ns

    Location             Delay type                Incr(ns)  Path(ns)    Netlist Resource(s)
  -------------------------------------------------------------------    -------------------
                         (clock clk rise edge)        0.000     0.000 r  
    Y22                                               0.000     0.000 r  clk (IN)
                         net (fo=0)                   0.000     0.000    clk
    Y22                  IBUF (Prop_ibuf_I_O)         0.217     0.217 r  clk_IBUF_inst/O
                         net (fo=1, routed)           0.793     1.010    clk_IBUF
    BUFGCTRL_X0Y0        BUFG (Prop_bufg_I_O)         0.026     1.036 r  clk_IBUF_BUFG_inst/O
                         net (fo=873, routed)         0.597     1.633    FSMAscon/clk_IBUF_BUFG
    SLICE_X2Y112         FDRE                                         r  FSMAscon/busOutEnable_reg/C
  -------------------------------------------------------------------    -------------------
    SLICE_X2Y112         FDRE (Prop_fdre_C_Q)         0.164     1.797 r  FSMAscon/busOutEnable_reg/Q
                         net (fo=1, routed)           0.975     2.772    busOutEnable_OBUF
    Y25                  OBUF (Prop_obuf_I_O)         1.189     3.961 r  busOutEnable_OBUF_inst/O
                         net (fo=0)                   0.000     3.961    busOutEnable
    Y25                                                               r  busOutEnable (OUT)
  -------------------------------------------------------------------    -------------------

Slack:                    inf
  Source:                 FSMAscon/FSMCommand_reg[0]_rep_lopt_replica/C
                            (rising edge-triggered cell FDRE clocked by clk  {rise@0.000ns fall@2.500ns period=5.000ns})
  Destination:            FSMCommand[0]
                            (output port)
  Path Group:             (none)
  Path Type:              Min at Fast Process Corner
  Data Path Delay:        2.455ns  (logic 1.332ns (54.248%)  route 1.123ns (45.752%))
  Logic Levels:           1  (OBUF=1)
  Clock Uncertainty:      0.025ns  ((TSJ^2 + TIJ^2)^1/2 + DJ) / 2 + PE
    Total System Jitter     (TSJ):    0.050ns
    Total Input Jitter      (TIJ):    0.000ns
    Discrete Jitter          (DJ):    0.000ns
    Phase Error              (PE):    0.000ns

    Location             Delay type                Incr(ns)  Path(ns)    Netlist Resource(s)
  -------------------------------------------------------------------    -------------------
                         (clock clk rise edge)        0.000     0.000 r  
    Y22                                               0.000     0.000 r  clk (IN)
                         net (fo=0)                   0.000     0.000    clk
    Y22                  IBUF (Prop_ibuf_I_O)         0.217     0.217 r  clk_IBUF_inst/O
                         net (fo=1, routed)           0.793     1.010    clk_IBUF
    BUFGCTRL_X0Y0        BUFG (Prop_bufg_I_O)         0.026     1.036 r  clk_IBUF_BUFG_inst/O
                         net (fo=873, routed)         0.595     1.631    FSMAscon/clk_IBUF_BUFG
    SLICE_X3Y116         FDRE                                         r  FSMAscon/FSMCommand_reg[0]_rep_lopt_replica/C
  -------------------------------------------------------------------    -------------------
    SLICE_X3Y116         FDRE (Prop_fdre_C_Q)         0.141     1.772 r  FSMAscon/FSMCommand_reg[0]_rep_lopt_replica/Q
                         net (fo=1, routed)           1.123     2.895    lopt
    W23                  OBUF (Prop_obuf_I_O)         1.191     4.086 r  FSMCommand_OBUF[0]_inst/O
                         net (fo=0)                   0.000     4.086    FSMCommand[0]
    W23                                                               r  FSMCommand[0] (OUT)
  -------------------------------------------------------------------    -------------------

Slack:                    inf
  Source:                 state_reg[207]/C
                            (rising edge-triggered cell FDRE clocked by clk  {rise@0.000ns fall@2.500ns period=5.000ns})
  Destination:            busOUT[119]
                            (output port)
  Path Group:             (none)
  Path Type:              Min at Fast Process Corner
  Data Path Delay:        2.642ns  (logic 1.368ns (51.774%)  route 1.274ns (48.226%))
  Logic Levels:           2  (LUT5=1 OBUFT=1)
  Clock Uncertainty:      0.025ns  ((TSJ^2 + TIJ^2)^1/2 + DJ) / 2 + PE
    Total System Jitter     (TSJ):    0.050ns
    Total Input Jitter      (TIJ):    0.000ns
    Discrete Jitter          (DJ):    0.000ns
    Phase Error              (PE):    0.000ns

    Location             Delay type                Incr(ns)  Path(ns)    Netlist Resource(s)
  -------------------------------------------------------------------    -------------------
                         (clock clk rise edge)        0.000     0.000 r  
    Y22                                               0.000     0.000 r  clk (IN)
                         net (fo=0)                   0.000     0.000    clk
    Y22                  IBUF (Prop_ibuf_I_O)         0.217     0.217 r  clk_IBUF_inst/O
                         net (fo=1, routed)           0.793     1.010    clk_IBUF
    BUFGCTRL_X0Y0        BUFG (Prop_bufg_I_O)         0.026     1.036 r  clk_IBUF_BUFG_inst/O
                         net (fo=873, routed)         0.561     1.597    clk_IBUF_BUFG
    SLICE_X10Y128        FDRE                                         r  state_reg[207]/C
  -------------------------------------------------------------------    -------------------
    SLICE_X10Y128        FDRE (Prop_fdre_C_Q)         0.164     1.761 r  state_reg[207]/Q
                         net (fo=13, routed)          0.230     1.991    FSMAscon/x[15]
    SLICE_X11Y131        LUT5 (Prop_lut5_I4_O)        0.045     2.036 r  FSMAscon/busOUT_OBUFT[119]_inst_i_1/O
                         net (fo=1, routed)           1.044     3.080    busOUT_OBUF[119]
    F7                   OBUFT (Prop_obuft_I_O)       1.159     4.239 r  busOUT_OBUFT[119]_inst/O
                         net (fo=0)                   0.000     4.239    busOUT[119]
    F7                                                                r  busOUT[119] (OUT)
  -------------------------------------------------------------------    -------------------

Slack:                    inf
  Source:                 hashR_reg[99]/C
                            (rising edge-triggered cell FDRE clocked by clk  {rise@0.000ns fall@2.500ns period=5.000ns})
  Destination:            busOUT[99]
                            (output port)
  Path Group:             (none)
  Path Type:              Min at Fast Process Corner
  Data Path Delay:        2.673ns  (logic 1.416ns (52.987%)  route 1.257ns (47.013%))
  Logic Levels:           2  (LUT5=1 OBUFT=1)
  Clock Uncertainty:      0.025ns  ((TSJ^2 + TIJ^2)^1/2 + DJ) / 2 + PE
    Total System Jitter     (TSJ):    0.050ns
    Total Input Jitter      (TIJ):    0.000ns
    Discrete Jitter          (DJ):    0.000ns
    Phase Error              (PE):    0.000ns

    Location             Delay type                Incr(ns)  Path(ns)    Netlist Resource(s)
  -------------------------------------------------------------------    -------------------
                         (clock clk rise edge)        0.000     0.000 r  
    Y22                                               0.000     0.000 r  clk (IN)
                         net (fo=0)                   0.000     0.000    clk
    Y22                  IBUF (Prop_ibuf_I_O)         0.217     0.217 r  clk_IBUF_inst/O
                         net (fo=1, routed)           0.793     1.010    clk_IBUF
    BUFGCTRL_X0Y0        BUFG (Prop_bufg_I_O)         0.026     1.036 r  clk_IBUF_BUFG_inst/O
                         net (fo=873, routed)         0.570     1.606    clk_IBUF_BUFG
    SLICE_X15Y142        FDRE                                         r  hashR_reg[99]/C
  -------------------------------------------------------------------    -------------------
    SLICE_X15Y142        FDRE (Prop_fdre_C_Q)         0.141     1.747 r  hashR_reg[99]/Q
                         net (fo=1, routed)           0.052     1.799    FSMAscon/busOUT_OBUFT[127]_inst_i_1_0[99]
    SLICE_X14Y142        LUT5 (Prop_lut5_I2_O)        0.045     1.844 r  FSMAscon/busOUT_OBUFT[99]_inst_i_1/O
                         net (fo=1, routed)           1.205     3.049    busOUT_OBUF[99]
    C4                   OBUFT (Prop_obuft_I_O)       1.230     4.279 r  busOUT_OBUFT[99]_inst/O
                         net (fo=0)                   0.000     4.279    busOUT[99]
    C4                                                                r  busOUT[99] (OUT)
  -------------------------------------------------------------------    -------------------

Slack:                    inf
  Source:                 hashR_reg[96]/C
                            (rising edge-triggered cell FDRE clocked by clk  {rise@0.000ns fall@2.500ns period=5.000ns})
  Destination:            busOUT[96]
                            (output port)
  Path Group:             (none)
  Path Type:              Min at Fast Process Corner
  Data Path Delay:        2.699ns  (logic 1.407ns (52.118%)  route 1.292ns (47.882%))
  Logic Levels:           2  (LUT5=1 OBUFT=1)
  Clock Uncertainty:      0.025ns  ((TSJ^2 + TIJ^2)^1/2 + DJ) / 2 + PE
    Total System Jitter     (TSJ):    0.050ns
    Total Input Jitter      (TIJ):    0.000ns
    Discrete Jitter          (DJ):    0.000ns
    Phase Error              (PE):    0.000ns

    Location             Delay type                Incr(ns)  Path(ns)    Netlist Resource(s)
  -------------------------------------------------------------------    -------------------
                         (clock clk rise edge)        0.000     0.000 r  
    Y22                                               0.000     0.000 r  clk (IN)
                         net (fo=0)                   0.000     0.000    clk
    Y22                  IBUF (Prop_ibuf_I_O)         0.217     0.217 r  clk_IBUF_inst/O
                         net (fo=1, routed)           0.793     1.010    clk_IBUF
    BUFGCTRL_X0Y0        BUFG (Prop_bufg_I_O)         0.026     1.036 r  clk_IBUF_BUFG_inst/O
                         net (fo=873, routed)         0.567     1.603    clk_IBUF_BUFG
    SLICE_X15Y136        FDRE                                         r  hashR_reg[96]/C
  -------------------------------------------------------------------    -------------------
    SLICE_X15Y136        FDRE (Prop_fdre_C_Q)         0.141     1.744 r  hashR_reg[96]/Q
                         net (fo=1, routed)           0.158     1.902    FSMAscon/busOUT_OBUFT[127]_inst_i_1_0[96]
    SLICE_X15Y136        LUT5 (Prop_lut5_I2_O)        0.045     1.947 r  FSMAscon/busOUT_OBUFT[96]_inst_i_1/O
                         net (fo=1, routed)           1.134     3.081    busOUT_OBUF[96]
    B4                   OBUFT (Prop_obuft_I_O)       1.221     4.302 r  busOUT_OBUFT[96]_inst/O
                         net (fo=0)                   0.000     4.302    busOUT[96]
    B4                                                                r  busOUT[96] (OUT)
  -------------------------------------------------------------------    -------------------

Slack:                    inf
  Source:                 FSMAscon/FSM_sequential_FSMState_reg[2]/C
                            (rising edge-triggered cell FDRE clocked by clk  {rise@0.000ns fall@2.500ns period=5.000ns})
  Destination:            FSMState[1]
                            (output port)
  Path Group:             (none)
  Path Type:              Min at Fast Process Corner
  Data Path Delay:        2.685ns  (logic 1.365ns (50.858%)  route 1.319ns (49.142%))
  Logic Levels:           2  (LUT5=1 OBUF=1)
  Clock Uncertainty:      0.025ns  ((TSJ^2 + TIJ^2)^1/2 + DJ) / 2 + PE
    Total System Jitter     (TSJ):    0.050ns
    Total Input Jitter      (TIJ):    0.000ns
    Discrete Jitter          (DJ):    0.000ns
    Phase Error              (PE):    0.000ns

    Location             Delay type                Incr(ns)  Path(ns)    Netlist Resource(s)
  -------------------------------------------------------------------    -------------------
                         (clock clk rise edge)        0.000     0.000 r  
    Y22                                               0.000     0.000 r  clk (IN)
                         net (fo=0)                   0.000     0.000    clk
    Y22                  IBUF (Prop_ibuf_I_O)         0.217     0.217 r  clk_IBUF_inst/O
                         net (fo=1, routed)           0.793     1.010    clk_IBUF
    BUFGCTRL_X0Y0        BUFG (Prop_bufg_I_O)         0.026     1.036 r  clk_IBUF_BUFG_inst/O
                         net (fo=873, routed)         0.596     1.632    FSMAscon/clk_IBUF_BUFG
    SLICE_X3Y113         FDRE                                         r  FSMAscon/FSM_sequential_FSMState_reg[2]/C
  -------------------------------------------------------------------    -------------------
    SLICE_X3Y113         FDRE (Prop_fdre_C_Q)         0.141     1.773 r  FSMAscon/FSM_sequential_FSMState_reg[2]/Q
                         net (fo=59, routed)          0.243     2.016    FSMAscon/FSMState__0[2]
    SLICE_X2Y112         LUT5 (Prop_lut5_I3_O)        0.045     2.061 r  FSMAscon/FSMState_OBUF[1]_inst_i_1/O
                         net (fo=1, routed)           1.076     3.137    FSMState_OBUF[1]
    AB25                 OBUF (Prop_obuf_I_O)         1.179     4.317 r  FSMState_OBUF[1]_inst/O
                         net (fo=0)                   0.000     4.317    FSMState[1]
    AB25                                                              r  FSMState[1] (OUT)
  -------------------------------------------------------------------    -------------------

Slack:                    inf
  Source:                 hashR_reg[11]/C
                            (rising edge-triggered cell FDRE clocked by clk  {rise@0.000ns fall@2.500ns period=5.000ns})
  Destination:            busOUT[11]
                            (output port)
  Path Group:             (none)
  Path Type:              Min at Fast Process Corner
  Data Path Delay:        2.795ns  (logic 1.334ns (47.720%)  route 1.461ns (52.280%))
  Logic Levels:           2  (LUT5=1 OBUFT=1)
  Clock Uncertainty:      0.025ns  ((TSJ^2 + TIJ^2)^1/2 + DJ) / 2 + PE
    Total System Jitter     (TSJ):    0.050ns
    Total Input Jitter      (TIJ):    0.000ns
    Discrete Jitter          (DJ):    0.000ns
    Phase Error              (PE):    0.000ns

    Location             Delay type                Incr(ns)  Path(ns)    Netlist Resource(s)
  -------------------------------------------------------------------    -------------------
                         (clock clk rise edge)        0.000     0.000 r  
    Y22                                               0.000     0.000 r  clk (IN)
                         net (fo=0)                   0.000     0.000    clk
    Y22                  IBUF (Prop_ibuf_I_O)         0.217     0.217 r  clk_IBUF_inst/O
                         net (fo=1, routed)           0.793     1.010    clk_IBUF
    BUFGCTRL_X0Y0        BUFG (Prop_bufg_I_O)         0.026     1.036 r  clk_IBUF_BUFG_inst/O
                         net (fo=873, routed)         0.594     1.630    clk_IBUF_BUFG
    SLICE_X0Y132         FDRE                                         r  hashR_reg[11]/C
  -------------------------------------------------------------------    -------------------
    SLICE_X0Y132         FDRE (Prop_fdre_C_Q)         0.141     1.771 r  hashR_reg[11]/Q
                         net (fo=1, routed)           0.159     1.930    FSMAscon/busOUT_OBUFT[127]_inst_i_1_0[11]
    SLICE_X0Y132         LUT5 (Prop_lut5_I2_O)        0.045     1.975 r  FSMAscon/busOUT_OBUFT[11]_inst_i_1/O
                         net (fo=1, routed)           1.303     3.277    busOUT_OBUF[11]
    W18                  OBUFT (Prop_obuft_I_O)       1.148     4.425 r  busOUT_OBUFT[11]_inst/O
                         net (fo=0)                   0.000     4.425    busOUT[11]
    W18                                                               r  busOUT[11] (OUT)
  -------------------------------------------------------------------    -------------------

Slack:                    inf
  Source:                 hashR_reg[107]/C
                            (rising edge-triggered cell FDRE clocked by clk  {rise@0.000ns fall@2.500ns period=5.000ns})
  Destination:            busOUT[107]
                            (output port)
  Path Group:             (none)
  Path Type:              Min at Fast Process Corner
  Data Path Delay:        2.831ns  (logic 1.322ns (46.708%)  route 1.509ns (53.292%))
  Logic Levels:           2  (LUT5=1 OBUFT=1)
  Clock Uncertainty:      0.025ns  ((TSJ^2 + TIJ^2)^1/2 + DJ) / 2 + PE
    Total System Jitter     (TSJ):    0.050ns
    Total Input Jitter      (TIJ):    0.000ns
    Discrete Jitter          (DJ):    0.000ns
    Phase Error              (PE):    0.000ns

    Location             Delay type                Incr(ns)  Path(ns)    Netlist Resource(s)
  -------------------------------------------------------------------    -------------------
                         (clock clk rise edge)        0.000     0.000 r  
    Y22                                               0.000     0.000 r  clk (IN)
                         net (fo=0)                   0.000     0.000    clk
    Y22                  IBUF (Prop_ibuf_I_O)         0.217     0.217 r  clk_IBUF_inst/O
                         net (fo=1, routed)           0.793     1.010    clk_IBUF
    BUFGCTRL_X0Y0        BUFG (Prop_bufg_I_O)         0.026     1.036 r  clk_IBUF_BUFG_inst/O
                         net (fo=873, routed)         0.561     1.597    clk_IBUF_BUFG
    SLICE_X13Y128        FDRE                                         r  hashR_reg[107]/C
  -------------------------------------------------------------------    -------------------
    SLICE_X13Y128        FDRE (Prop_fdre_C_Q)         0.141     1.738 r  hashR_reg[107]/Q
                         net (fo=1, routed)           0.195     1.933    FSMAscon/busOUT_OBUFT[127]_inst_i_1_0[107]
    SLICE_X14Y128        LUT5 (Prop_lut5_I2_O)        0.045     1.978 r  FSMAscon/busOUT_OBUFT[107]_inst_i_1/O
                         net (fo=1, routed)           1.313     3.291    busOUT_OBUF[107]
    K6                   OBUFT (Prop_obuft_I_O)       1.136     4.428 r  busOUT_OBUFT[107]_inst/O
                         net (fo=0)                   0.000     4.428    busOUT[107]
    K6                                                                r  busOUT[107] (OUT)
  -------------------------------------------------------------------    -------------------

Slack:                    inf
  Source:                 hashR_reg[94]/C
                            (rising edge-triggered cell FDRE clocked by clk  {rise@0.000ns fall@2.500ns period=5.000ns})
  Destination:            busOUT[94]
                            (output port)
  Path Group:             (none)
  Path Type:              Min at Fast Process Corner
  Data Path Delay:        2.822ns  (logic 1.413ns (50.086%)  route 1.409ns (49.914%))
  Logic Levels:           2  (LUT5=1 OBUFT=1)
  Clock Uncertainty:      0.025ns  ((TSJ^2 + TIJ^2)^1/2 + DJ) / 2 + PE
    Total System Jitter     (TSJ):    0.050ns
    Total Input Jitter      (TIJ):    0.000ns
    Discrete Jitter          (DJ):    0.000ns
    Phase Error              (PE):    0.000ns

    Location             Delay type                Incr(ns)  Path(ns)    Netlist Resource(s)
  -------------------------------------------------------------------    -------------------
                         (clock clk rise edge)        0.000     0.000 r  
    Y22                                               0.000     0.000 r  clk (IN)
                         net (fo=0)                   0.000     0.000    clk
    Y22                  IBUF (Prop_ibuf_I_O)         0.217     0.217 r  clk_IBUF_inst/O
                         net (fo=1, routed)           0.793     1.010    clk_IBUF
    BUFGCTRL_X0Y0        BUFG (Prop_bufg_I_O)         0.026     1.036 r  clk_IBUF_BUFG_inst/O
                         net (fo=873, routed)         0.570     1.606    clk_IBUF_BUFG
    SLICE_X15Y140        FDRE                                         r  hashR_reg[94]/C
  -------------------------------------------------------------------    -------------------
    SLICE_X15Y140        FDRE (Prop_fdre_C_Q)         0.141     1.747 r  hashR_reg[94]/Q
                         net (fo=1, routed)           0.080     1.827    FSMAscon/busOUT_OBUFT[127]_inst_i_1_0[94]
    SLICE_X14Y140        LUT5 (Prop_lut5_I2_O)        0.045     1.872 r  FSMAscon/busOUT_OBUFT[94]_inst_i_1/O
                         net (fo=1, routed)           1.328     3.200    busOUT_OBUF[94]
    D3                   OBUFT (Prop_obuft_I_O)       1.227     4.428 r  busOUT_OBUFT[94]_inst/O
                         net (fo=0)                   0.000     4.428    busOUT[94]
    D3                                                                r  busOUT[94] (OUT)
  -------------------------------------------------------------------    -------------------

Slack:                    inf
  Source:                 FSMAscon/busNext_reg/C
                            (rising edge-triggered cell FDRE clocked by clk  {rise@0.000ns fall@2.500ns period=5.000ns})
  Destination:            busNext
                            (output port)
  Path Group:             (none)
  Path Type:              Min at Fast Process Corner
  Data Path Delay:        2.815ns  (logic 1.325ns (47.061%)  route 1.490ns (52.939%))
  Logic Levels:           1  (OBUF=1)
  Clock Uncertainty:      0.025ns  ((TSJ^2 + TIJ^2)^1/2 + DJ) / 2 + PE
    Total System Jitter     (TSJ):    0.050ns
    Total Input Jitter      (TIJ):    0.000ns
    Discrete Jitter          (DJ):    0.000ns
    Phase Error              (PE):    0.000ns

    Location             Delay type                Incr(ns)  Path(ns)    Netlist Resource(s)
  -------------------------------------------------------------------    -------------------
                         (clock clk rise edge)        0.000     0.000 r  
    Y22                                               0.000     0.000 r  clk (IN)
                         net (fo=0)                   0.000     0.000    clk
    Y22                  IBUF (Prop_ibuf_I_O)         0.217     0.217 r  clk_IBUF_inst/O
                         net (fo=1, routed)           0.793     1.010    clk_IBUF
    BUFGCTRL_X0Y0        BUFG (Prop_bufg_I_O)         0.026     1.036 r  clk_IBUF_BUFG_inst/O
                         net (fo=873, routed)         0.596     1.632    FSMAscon/clk_IBUF_BUFG
    SLICE_X0Y114         FDRE                                         r  FSMAscon/busNext_reg/C
  -------------------------------------------------------------------    -------------------
    SLICE_X0Y114         FDRE (Prop_fdre_C_Q)         0.141     1.773 r  FSMAscon/busNext_reg/Q
                         net (fo=1, routed)           1.490     3.263    busNext_OBUF
    AA25                 OBUF (Prop_obuf_I_O)         1.184     4.447 r  busNext_OBUF_inst/O
                         net (fo=0)                   0.000     4.447    busNext
    AA25                                                              r  busNext (OUT)
  -------------------------------------------------------------------    -------------------





--------------------------------------------------------------------------------------
Path Group:  (none)
From Clock:  
  To Clock:  clk

Max Delay          1048 Endpoints
Min Delay          1048 Endpoints
--------------------------------------------------------------------------------------


Max Delay Paths
--------------------------------------------------------------------------------------
Slack:                    inf
  Source:                 busType[0]
                            (input port)
  Destination:            state_reg[12]/CE
                            (rising edge-triggered cell FDRE clocked by clk  {rise@0.000ns fall@2.500ns period=5.000ns})
  Path Group:             (none)
  Path Type:              Setup (Max at Slow Process Corner)
  Data Path Delay:        11.651ns  (logic 1.259ns (10.802%)  route 10.393ns (89.198%))
  Logic Levels:           3  (IBUF=1 LUT3=1 LUT6=1)
  Clock Path Skew:        4.650ns (DCD - SCD + CPR)
    Destination Clock Delay (DCD):    4.650ns
    Source Clock Delay      (SCD):    0.000ns
    Clock Pessimism Removal (CPR):    0.000ns
  Clock Uncertainty:      0.025ns  ((TSJ^2 + TIJ^2)^1/2 + DJ) / 2 + PE
    Total System Jitter     (TSJ):    0.050ns
    Total Input Jitter      (TIJ):    0.000ns
    Discrete Jitter          (DJ):    0.000ns
    Phase Error              (PE):    0.000ns

    Location             Delay type                Incr(ns)  Path(ns)    Netlist Resource(s)
  -------------------------------------------------------------------    -------------------
    Y26                                               0.000     0.000 r  busType[0] (IN)
                         net (fo=0)                   0.000     0.000    busType[0]
    Y26                  IBUF (Prop_ibuf_I_O)         1.011     1.011 r  busType_IBUF[0]_inst/O
                         net (fo=8, routed)           4.036     5.047    FSMAscon/busType_IBUF[0]
    SLICE_X5Y114         LUT3 (Prop_lut3_I0_O)        0.124     5.171 f  FSMAscon/keyR[127]_i_1/O
                         net (fo=135, routed)         4.698     9.869    FSMAscon/busType[0]
    SLICE_X4Y140         LUT6 (Prop_lut6_I2_O)        0.124     9.993 r  FSMAscon/state[63]_i_1/O
                         net (fo=63, routed)          1.658    11.651    p_0_in[7]
    SLICE_X12Y118        FDRE                                         r  state_reg[12]/CE
  -------------------------------------------------------------------    -------------------

                         (clock clk rise edge)        0.000     0.000 r  
    Y22                                               0.000     0.000 r  clk (IN)
                         net (fo=0)                   0.000     0.000    clk
    Y22                  IBUF (Prop_ibuf_I_O)         0.855     0.855 r  clk_IBUF_inst/O
                         net (fo=1, routed)           2.204     3.059    clk_IBUF
    BUFGCTRL_X0Y0        BUFG (Prop_bufg_I_O)         0.091     3.150 r  clk_IBUF_BUFG_inst/O
                         net (fo=873, routed)         1.501     4.650    clk_IBUF_BUFG
    SLICE_X12Y118        FDRE                                         r  state_reg[12]/C

Slack:                    inf
  Source:                 busType[0]
                            (input port)
  Destination:            state_reg[58]/CE
                            (rising edge-triggered cell FDRE clocked by clk  {rise@0.000ns fall@2.500ns period=5.000ns})
  Path Group:             (none)
  Path Type:              Setup (Max at Slow Process Corner)
  Data Path Delay:        11.651ns  (logic 1.259ns (10.802%)  route 10.393ns (89.198%))
  Logic Levels:           3  (IBUF=1 LUT3=1 LUT6=1)
  Clock Path Skew:        4.650ns (DCD - SCD + CPR)
    Destination Clock Delay (DCD):    4.650ns
    Source Clock Delay      (SCD):    0.000ns
    Clock Pessimism Removal (CPR):    0.000ns
  Clock Uncertainty:      0.025ns  ((TSJ^2 + TIJ^2)^1/2 + DJ) / 2 + PE
    Total System Jitter     (TSJ):    0.050ns
    Total Input Jitter      (TIJ):    0.000ns
    Discrete Jitter          (DJ):    0.000ns
    Phase Error              (PE):    0.000ns

    Location             Delay type                Incr(ns)  Path(ns)    Netlist Resource(s)
  -------------------------------------------------------------------    -------------------
    Y26                                               0.000     0.000 r  busType[0] (IN)
                         net (fo=0)                   0.000     0.000    busType[0]
    Y26                  IBUF (Prop_ibuf_I_O)         1.011     1.011 r  busType_IBUF[0]_inst/O
                         net (fo=8, routed)           4.036     5.047    FSMAscon/busType_IBUF[0]
    SLICE_X5Y114         LUT3 (Prop_lut3_I0_O)        0.124     5.171 f  FSMAscon/keyR[127]_i_1/O
                         net (fo=135, routed)         4.698     9.869    FSMAscon/busType[0]
    SLICE_X4Y140         LUT6 (Prop_lut6_I2_O)        0.124     9.993 r  FSMAscon/state[63]_i_1/O
                         net (fo=63, routed)          1.658    11.651    p_0_in[7]
    SLICE_X12Y118        FDRE                                         r  state_reg[58]/CE
  -------------------------------------------------------------------    -------------------

                         (clock clk rise edge)        0.000     0.000 r  
    Y22                                               0.000     0.000 r  clk (IN)
                         net (fo=0)                   0.000     0.000    clk
    Y22                  IBUF (Prop_ibuf_I_O)         0.855     0.855 r  clk_IBUF_inst/O
                         net (fo=1, routed)           2.204     3.059    clk_IBUF
    BUFGCTRL_X0Y0        BUFG (Prop_bufg_I_O)         0.091     3.150 r  clk_IBUF_BUFG_inst/O
                         net (fo=873, routed)         1.501     4.650    clk_IBUF_BUFG
    SLICE_X12Y118        FDRE                                         r  state_reg[58]/C

Slack:                    inf
  Source:                 busType[0]
                            (input port)
  Destination:            state_reg[13]/CE
                            (rising edge-triggered cell FDRE clocked by clk  {rise@0.000ns fall@2.500ns period=5.000ns})
  Path Group:             (none)
  Path Type:              Setup (Max at Slow Process Corner)
  Data Path Delay:        11.607ns  (logic 1.259ns (10.843%)  route 10.349ns (89.157%))
  Logic Levels:           3  (IBUF=1 LUT3=1 LUT6=1)
  Clock Path Skew:        4.649ns (DCD - SCD + CPR)
    Destination Clock Delay (DCD):    4.649ns
    Source Clock Delay      (SCD):    0.000ns
    Clock Pessimism Removal (CPR):    0.000ns
  Clock Uncertainty:      0.025ns  ((TSJ^2 + TIJ^2)^1/2 + DJ) / 2 + PE
    Total System Jitter     (TSJ):    0.050ns
    Total Input Jitter      (TIJ):    0.000ns
    Discrete Jitter          (DJ):    0.000ns
    Phase Error              (PE):    0.000ns

    Location             Delay type                Incr(ns)  Path(ns)    Netlist Resource(s)
  -------------------------------------------------------------------    -------------------
    Y26                                               0.000     0.000 r  busType[0] (IN)
                         net (fo=0)                   0.000     0.000    busType[0]
    Y26                  IBUF (Prop_ibuf_I_O)         1.011     1.011 r  busType_IBUF[0]_inst/O
                         net (fo=8, routed)           4.036     5.047    FSMAscon/busType_IBUF[0]
    SLICE_X5Y114         LUT3 (Prop_lut3_I0_O)        0.124     5.171 f  FSMAscon/keyR[127]_i_1/O
                         net (fo=135, routed)         4.698     9.869    FSMAscon/busType[0]
    SLICE_X4Y140         LUT6 (Prop_lut6_I2_O)        0.124     9.993 r  FSMAscon/state[63]_i_1/O
                         net (fo=63, routed)          1.614    11.607    p_0_in[7]
    SLICE_X13Y120        FDRE                                         r  state_reg[13]/CE
  -------------------------------------------------------------------    -------------------

                         (clock clk rise edge)        0.000     0.000 r  
    Y22                                               0.000     0.000 r  clk (IN)
                         net (fo=0)                   0.000     0.000    clk
    Y22                  IBUF (Prop_ibuf_I_O)         0.855     0.855 r  clk_IBUF_inst/O
                         net (fo=1, routed)           2.204     3.059    clk_IBUF
    BUFGCTRL_X0Y0        BUFG (Prop_bufg_I_O)         0.091     3.150 r  clk_IBUF_BUFG_inst/O
                         net (fo=873, routed)         1.500     4.649    clk_IBUF_BUFG
    SLICE_X13Y120        FDRE                                         r  state_reg[13]/C

Slack:                    inf
  Source:                 busType[0]
                            (input port)
  Destination:            state_reg[59]/CE
                            (rising edge-triggered cell FDRE clocked by clk  {rise@0.000ns fall@2.500ns period=5.000ns})
  Path Group:             (none)
  Path Type:              Setup (Max at Slow Process Corner)
  Data Path Delay:        11.513ns  (logic 1.259ns (10.931%)  route 10.255ns (89.069%))
  Logic Levels:           3  (IBUF=1 LUT3=1 LUT6=1)
  Clock Path Skew:        4.652ns (DCD - SCD + CPR)
    Destination Clock Delay (DCD):    4.652ns
    Source Clock Delay      (SCD):    0.000ns
    Clock Pessimism Removal (CPR):    0.000ns
  Clock Uncertainty:      0.025ns  ((TSJ^2 + TIJ^2)^1/2 + DJ) / 2 + PE
    Total System Jitter     (TSJ):    0.050ns
    Total Input Jitter      (TIJ):    0.000ns
    Discrete Jitter          (DJ):    0.000ns
    Phase Error              (PE):    0.000ns

    Location             Delay type                Incr(ns)  Path(ns)    Netlist Resource(s)
  -------------------------------------------------------------------    -------------------
    Y26                                               0.000     0.000 r  busType[0] (IN)
                         net (fo=0)                   0.000     0.000    busType[0]
    Y26                  IBUF (Prop_ibuf_I_O)         1.011     1.011 r  busType_IBUF[0]_inst/O
                         net (fo=8, routed)           4.036     5.047    FSMAscon/busType_IBUF[0]
    SLICE_X5Y114         LUT3 (Prop_lut3_I0_O)        0.124     5.171 f  FSMAscon/keyR[127]_i_1/O
                         net (fo=135, routed)         4.698     9.869    FSMAscon/busType[0]
    SLICE_X4Y140         LUT6 (Prop_lut6_I2_O)        0.124     9.993 r  FSMAscon/state[63]_i_1/O
                         net (fo=63, routed)          1.520    11.513    p_0_in[7]
    SLICE_X10Y120        FDRE                                         r  state_reg[59]/CE
  -------------------------------------------------------------------    -------------------

                         (clock clk rise edge)        0.000     0.000 r  
    Y22                                               0.000     0.000 r  clk (IN)
                         net (fo=0)                   0.000     0.000    clk
    Y22                  IBUF (Prop_ibuf_I_O)         0.855     0.855 r  clk_IBUF_inst/O
                         net (fo=1, routed)           2.204     3.059    clk_IBUF
    BUFGCTRL_X0Y0        BUFG (Prop_bufg_I_O)         0.091     3.150 r  clk_IBUF_BUFG_inst/O
                         net (fo=873, routed)         1.503     4.652    clk_IBUF_BUFG
    SLICE_X10Y120        FDRE                                         r  state_reg[59]/C

Slack:                    inf
  Source:                 busType[0]
                            (input port)
  Destination:            state_reg[62]/CE
                            (rising edge-triggered cell FDRE clocked by clk  {rise@0.000ns fall@2.500ns period=5.000ns})
  Path Group:             (none)
  Path Type:              Setup (Max at Slow Process Corner)
  Data Path Delay:        11.513ns  (logic 1.259ns (10.931%)  route 10.255ns (89.069%))
  Logic Levels:           3  (IBUF=1 LUT3=1 LUT6=1)
  Clock Path Skew:        4.652ns (DCD - SCD + CPR)
    Destination Clock Delay (DCD):    4.652ns
    Source Clock Delay      (SCD):    0.000ns
    Clock Pessimism Removal (CPR):    0.000ns
  Clock Uncertainty:      0.025ns  ((TSJ^2 + TIJ^2)^1/2 + DJ) / 2 + PE
    Total System Jitter     (TSJ):    0.050ns
    Total Input Jitter      (TIJ):    0.000ns
    Discrete Jitter          (DJ):    0.000ns
    Phase Error              (PE):    0.000ns

    Location             Delay type                Incr(ns)  Path(ns)    Netlist Resource(s)
  -------------------------------------------------------------------    -------------------
    Y26                                               0.000     0.000 r  busType[0] (IN)
                         net (fo=0)                   0.000     0.000    busType[0]
    Y26                  IBUF (Prop_ibuf_I_O)         1.011     1.011 r  busType_IBUF[0]_inst/O
                         net (fo=8, routed)           4.036     5.047    FSMAscon/busType_IBUF[0]
    SLICE_X5Y114         LUT3 (Prop_lut3_I0_O)        0.124     5.171 f  FSMAscon/keyR[127]_i_1/O
                         net (fo=135, routed)         4.698     9.869    FSMAscon/busType[0]
    SLICE_X4Y140         LUT6 (Prop_lut6_I2_O)        0.124     9.993 r  FSMAscon/state[63]_i_1/O
                         net (fo=63, routed)          1.520    11.513    p_0_in[7]
    SLICE_X10Y120        FDRE                                         r  state_reg[62]/CE
  -------------------------------------------------------------------    -------------------

                         (clock clk rise edge)        0.000     0.000 r  
    Y22                                               0.000     0.000 r  clk (IN)
                         net (fo=0)                   0.000     0.000    clk
    Y22                  IBUF (Prop_ibuf_I_O)         0.855     0.855 r  clk_IBUF_inst/O
                         net (fo=1, routed)           2.204     3.059    clk_IBUF
    BUFGCTRL_X0Y0        BUFG (Prop_bufg_I_O)         0.091     3.150 r  clk_IBUF_BUFG_inst/O
                         net (fo=873, routed)         1.503     4.652    clk_IBUF_BUFG
    SLICE_X10Y120        FDRE                                         r  state_reg[62]/C

Slack:                    inf
  Source:                 busType[0]
                            (input port)
  Destination:            state_reg[6]/CE
                            (rising edge-triggered cell FDRE clocked by clk  {rise@0.000ns fall@2.500ns period=5.000ns})
  Path Group:             (none)
  Path Type:              Setup (Max at Slow Process Corner)
  Data Path Delay:        11.446ns  (logic 1.259ns (10.995%)  route 10.188ns (89.005%))
  Logic Levels:           3  (IBUF=1 LUT3=1 LUT6=1)
  Clock Path Skew:        4.729ns (DCD - SCD + CPR)
    Destination Clock Delay (DCD):    4.729ns
    Source Clock Delay      (SCD):    0.000ns
    Clock Pessimism Removal (CPR):    0.000ns
  Clock Uncertainty:      0.025ns  ((TSJ^2 + TIJ^2)^1/2 + DJ) / 2 + PE
    Total System Jitter     (TSJ):    0.050ns
    Total Input Jitter      (TIJ):    0.000ns
    Discrete Jitter          (DJ):    0.000ns
    Phase Error              (PE):    0.000ns

    Location             Delay type                Incr(ns)  Path(ns)    Netlist Resource(s)
  -------------------------------------------------------------------    -------------------
    Y26                                               0.000     0.000 r  busType[0] (IN)
                         net (fo=0)                   0.000     0.000    busType[0]
    Y26                  IBUF (Prop_ibuf_I_O)         1.011     1.011 r  busType_IBUF[0]_inst/O
                         net (fo=8, routed)           4.036     5.047    FSMAscon/busType_IBUF[0]
    SLICE_X5Y114         LUT3 (Prop_lut3_I0_O)        0.124     5.171 f  FSMAscon/keyR[127]_i_1/O
                         net (fo=135, routed)         4.698     9.869    FSMAscon/busType[0]
    SLICE_X4Y140         LUT6 (Prop_lut6_I2_O)        0.124     9.993 r  FSMAscon/state[63]_i_1/O
                         net (fo=63, routed)          1.453    11.446    p_0_in[7]
    SLICE_X6Y118         FDRE                                         r  state_reg[6]/CE
  -------------------------------------------------------------------    -------------------

                         (clock clk rise edge)        0.000     0.000 r  
    Y22                                               0.000     0.000 r  clk (IN)
                         net (fo=0)                   0.000     0.000    clk
    Y22                  IBUF (Prop_ibuf_I_O)         0.855     0.855 r  clk_IBUF_inst/O
                         net (fo=1, routed)           2.204     3.059    clk_IBUF
    BUFGCTRL_X0Y0        BUFG (Prop_bufg_I_O)         0.091     3.150 r  clk_IBUF_BUFG_inst/O
                         net (fo=873, routed)         1.580     4.729    clk_IBUF_BUFG
    SLICE_X6Y118         FDRE                                         r  state_reg[6]/C

Slack:                    inf
  Source:                 busType[0]
                            (input port)
  Destination:            state_reg[11]/CE
                            (rising edge-triggered cell FDRE clocked by clk  {rise@0.000ns fall@2.500ns period=5.000ns})
  Path Group:             (none)
  Path Type:              Setup (Max at Slow Process Corner)
  Data Path Delay:        11.418ns  (logic 1.259ns (11.023%)  route 10.159ns (88.977%))
  Logic Levels:           3  (IBUF=1 LUT3=1 LUT6=1)
  Clock Path Skew:        4.645ns (DCD - SCD + CPR)
    Destination Clock Delay (DCD):    4.645ns
    Source Clock Delay      (SCD):    0.000ns
    Clock Pessimism Removal (CPR):    0.000ns
  Clock Uncertainty:      0.025ns  ((TSJ^2 + TIJ^2)^1/2 + DJ) / 2 + PE
    Total System Jitter     (TSJ):    0.050ns
    Total Input Jitter      (TIJ):    0.000ns
    Discrete Jitter          (DJ):    0.000ns
    Phase Error              (PE):    0.000ns

    Location             Delay type                Incr(ns)  Path(ns)    Netlist Resource(s)
  -------------------------------------------------------------------    -------------------
    Y26                                               0.000     0.000 r  busType[0] (IN)
                         net (fo=0)                   0.000     0.000    busType[0]
    Y26                  IBUF (Prop_ibuf_I_O)         1.011     1.011 r  busType_IBUF[0]_inst/O
                         net (fo=8, routed)           4.036     5.047    FSMAscon/busType_IBUF[0]
    SLICE_X5Y114         LUT3 (Prop_lut3_I0_O)        0.124     5.171 f  FSMAscon/keyR[127]_i_1/O
                         net (fo=135, routed)         4.698     9.869    FSMAscon/busType[0]
    SLICE_X4Y140         LUT6 (Prop_lut6_I2_O)        0.124     9.993 r  FSMAscon/state[63]_i_1/O
                         net (fo=63, routed)          1.425    11.418    p_0_in[7]
    SLICE_X12Y123        FDRE                                         r  state_reg[11]/CE
  -------------------------------------------------------------------    -------------------

                         (clock clk rise edge)        0.000     0.000 r  
    Y22                                               0.000     0.000 r  clk (IN)
                         net (fo=0)                   0.000     0.000    clk
    Y22                  IBUF (Prop_ibuf_I_O)         0.855     0.855 r  clk_IBUF_inst/O
                         net (fo=1, routed)           2.204     3.059    clk_IBUF
    BUFGCTRL_X0Y0        BUFG (Prop_bufg_I_O)         0.091     3.150 r  clk_IBUF_BUFG_inst/O
                         net (fo=873, routed)         1.496     4.645    clk_IBUF_BUFG
    SLICE_X12Y123        FDRE                                         r  state_reg[11]/C

Slack:                    inf
  Source:                 busType[0]
                            (input port)
  Destination:            state_reg[1]/CE
                            (rising edge-triggered cell FDRE clocked by clk  {rise@0.000ns fall@2.500ns period=5.000ns})
  Path Group:             (none)
  Path Type:              Setup (Max at Slow Process Corner)
  Data Path Delay:        11.418ns  (logic 1.259ns (11.023%)  route 10.159ns (88.977%))
  Logic Levels:           3  (IBUF=1 LUT3=1 LUT6=1)
  Clock Path Skew:        4.645ns (DCD - SCD + CPR)
    Destination Clock Delay (DCD):    4.645ns
    Source Clock Delay      (SCD):    0.000ns
    Clock Pessimism Removal (CPR):    0.000ns
  Clock Uncertainty:      0.025ns  ((TSJ^2 + TIJ^2)^1/2 + DJ) / 2 + PE
    Total System Jitter     (TSJ):    0.050ns
    Total Input Jitter      (TIJ):    0.000ns
    Discrete Jitter          (DJ):    0.000ns
    Phase Error              (PE):    0.000ns

    Location             Delay type                Incr(ns)  Path(ns)    Netlist Resource(s)
  -------------------------------------------------------------------    -------------------
    Y26                                               0.000     0.000 r  busType[0] (IN)
                         net (fo=0)                   0.000     0.000    busType[0]
    Y26                  IBUF (Prop_ibuf_I_O)         1.011     1.011 r  busType_IBUF[0]_inst/O
                         net (fo=8, routed)           4.036     5.047    FSMAscon/busType_IBUF[0]
    SLICE_X5Y114         LUT3 (Prop_lut3_I0_O)        0.124     5.171 f  FSMAscon/keyR[127]_i_1/O
                         net (fo=135, routed)         4.698     9.869    FSMAscon/busType[0]
    SLICE_X4Y140         LUT6 (Prop_lut6_I2_O)        0.124     9.993 r  FSMAscon/state[63]_i_1/O
                         net (fo=63, routed)          1.425    11.418    p_0_in[7]
    SLICE_X12Y123        FDRE                                         r  state_reg[1]/CE
  -------------------------------------------------------------------    -------------------

                         (clock clk rise edge)        0.000     0.000 r  
    Y22                                               0.000     0.000 r  clk (IN)
                         net (fo=0)                   0.000     0.000    clk
    Y22                  IBUF (Prop_ibuf_I_O)         0.855     0.855 r  clk_IBUF_inst/O
                         net (fo=1, routed)           2.204     3.059    clk_IBUF
    BUFGCTRL_X0Y0        BUFG (Prop_bufg_I_O)         0.091     3.150 r  clk_IBUF_BUFG_inst/O
                         net (fo=873, routed)         1.496     4.645    clk_IBUF_BUFG
    SLICE_X12Y123        FDRE                                         r  state_reg[1]/C

Slack:                    inf
  Source:                 busType[0]
                            (input port)
  Destination:            state_reg[8]/CE
                            (rising edge-triggered cell FDRE clocked by clk  {rise@0.000ns fall@2.500ns period=5.000ns})
  Path Group:             (none)
  Path Type:              Setup (Max at Slow Process Corner)
  Data Path Delay:        11.418ns  (logic 1.259ns (11.023%)  route 10.159ns (88.977%))
  Logic Levels:           3  (IBUF=1 LUT3=1 LUT6=1)
  Clock Path Skew:        4.645ns (DCD - SCD + CPR)
    Destination Clock Delay (DCD):    4.645ns
    Source Clock Delay      (SCD):    0.000ns
    Clock Pessimism Removal (CPR):    0.000ns
  Clock Uncertainty:      0.025ns  ((TSJ^2 + TIJ^2)^1/2 + DJ) / 2 + PE
    Total System Jitter     (TSJ):    0.050ns
    Total Input Jitter      (TIJ):    0.000ns
    Discrete Jitter          (DJ):    0.000ns
    Phase Error              (PE):    0.000ns

    Location             Delay type                Incr(ns)  Path(ns)    Netlist Resource(s)
  -------------------------------------------------------------------    -------------------
    Y26                                               0.000     0.000 r  busType[0] (IN)
                         net (fo=0)                   0.000     0.000    busType[0]
    Y26                  IBUF (Prop_ibuf_I_O)         1.011     1.011 r  busType_IBUF[0]_inst/O
                         net (fo=8, routed)           4.036     5.047    FSMAscon/busType_IBUF[0]
    SLICE_X5Y114         LUT3 (Prop_lut3_I0_O)        0.124     5.171 f  FSMAscon/keyR[127]_i_1/O
                         net (fo=135, routed)         4.698     9.869    FSMAscon/busType[0]
    SLICE_X4Y140         LUT6 (Prop_lut6_I2_O)        0.124     9.993 r  FSMAscon/state[63]_i_1/O
                         net (fo=63, routed)          1.425    11.418    p_0_in[7]
    SLICE_X12Y123        FDRE                                         r  state_reg[8]/CE
  -------------------------------------------------------------------    -------------------

                         (clock clk rise edge)        0.000     0.000 r  
    Y22                                               0.000     0.000 r  clk (IN)
                         net (fo=0)                   0.000     0.000    clk
    Y22                  IBUF (Prop_ibuf_I_O)         0.855     0.855 r  clk_IBUF_inst/O
                         net (fo=1, routed)           2.204     3.059    clk_IBUF
    BUFGCTRL_X0Y0        BUFG (Prop_bufg_I_O)         0.091     3.150 r  clk_IBUF_BUFG_inst/O
                         net (fo=873, routed)         1.496     4.645    clk_IBUF_BUFG
    SLICE_X12Y123        FDRE                                         r  state_reg[8]/C

Slack:                    inf
  Source:                 busType[0]
                            (input port)
  Destination:            state_reg[9]/CE
                            (rising edge-triggered cell FDRE clocked by clk  {rise@0.000ns fall@2.500ns period=5.000ns})
  Path Group:             (none)
  Path Type:              Setup (Max at Slow Process Corner)
  Data Path Delay:        11.418ns  (logic 1.259ns (11.023%)  route 10.159ns (88.977%))
  Logic Levels:           3  (IBUF=1 LUT3=1 LUT6=1)
  Clock Path Skew:        4.645ns (DCD - SCD + CPR)
    Destination Clock Delay (DCD):    4.645ns
    Source Clock Delay      (SCD):    0.000ns
    Clock Pessimism Removal (CPR):    0.000ns
  Clock Uncertainty:      0.025ns  ((TSJ^2 + TIJ^2)^1/2 + DJ) / 2 + PE
    Total System Jitter     (TSJ):    0.050ns
    Total Input Jitter      (TIJ):    0.000ns
    Discrete Jitter          (DJ):    0.000ns
    Phase Error              (PE):    0.000ns

    Location             Delay type                Incr(ns)  Path(ns)    Netlist Resource(s)
  -------------------------------------------------------------------    -------------------
    Y26                                               0.000     0.000 r  busType[0] (IN)
                         net (fo=0)                   0.000     0.000    busType[0]
    Y26                  IBUF (Prop_ibuf_I_O)         1.011     1.011 r  busType_IBUF[0]_inst/O
                         net (fo=8, routed)           4.036     5.047    FSMAscon/busType_IBUF[0]
    SLICE_X5Y114         LUT3 (Prop_lut3_I0_O)        0.124     5.171 f  FSMAscon/keyR[127]_i_1/O
                         net (fo=135, routed)         4.698     9.869    FSMAscon/busType[0]
    SLICE_X4Y140         LUT6 (Prop_lut6_I2_O)        0.124     9.993 r  FSMAscon/state[63]_i_1/O
                         net (fo=63, routed)          1.425    11.418    p_0_in[7]
    SLICE_X12Y123        FDRE                                         r  state_reg[9]/CE
  -------------------------------------------------------------------    -------------------

                         (clock clk rise edge)        0.000     0.000 r  
    Y22                                               0.000     0.000 r  clk (IN)
                         net (fo=0)                   0.000     0.000    clk
    Y22                  IBUF (Prop_ibuf_I_O)         0.855     0.855 r  clk_IBUF_inst/O
                         net (fo=1, routed)           2.204     3.059    clk_IBUF
    BUFGCTRL_X0Y0        BUFG (Prop_bufg_I_O)         0.091     3.150 r  clk_IBUF_BUFG_inst/O
                         net (fo=873, routed)         1.496     4.645    clk_IBUF_BUFG
    SLICE_X12Y123        FDRE                                         r  state_reg[9]/C





Min Delay Paths
--------------------------------------------------------------------------------------
Slack:                    inf
  Source:                 busIN[113]
                            (input port)
  Destination:            Msg_reg[113]/D
                            (rising edge-triggered cell FDRE clocked by clk  {rise@0.000ns fall@2.500ns period=5.000ns})
  Path Group:             (none)
  Path Type:              Hold (Min at Fast Process Corner)
  Data Path Delay:        0.562ns  (logic 0.209ns (37.204%)  route 0.353ns (62.796%))
  Logic Levels:           1  (IBUF=1)
  Clock Path Skew:        2.157ns (DCD - SCD - CPR)
    Destination Clock Delay (DCD):    2.157ns
    Source Clock Delay      (SCD):    0.000ns
    Clock Pessimism Removal (CPR):    -0.000ns

    Location             Delay type                Incr(ns)  Path(ns)    Netlist Resource(s)
  -------------------------------------------------------------------    -------------------
    H19                                               0.000     0.000 r  busIN[113] (IN)
                         net (fo=0)                   0.000     0.000    busIN[113]
    H19                  IBUF (Prop_ibuf_I_O)         0.209     0.209 r  busIN_IBUF[113]_inst/O
                         net (fo=5, routed)           0.353     0.562    busIN_IBUF[113]
    SLICE_X1Y134         FDRE                                         r  Msg_reg[113]/D
  -------------------------------------------------------------------    -------------------

                         (clock clk rise edge)        0.000     0.000 r  
    Y22                                               0.000     0.000 r  clk (IN)
                         net (fo=0)                   0.000     0.000    clk
    Y22                  IBUF (Prop_ibuf_I_O)         0.406     0.406 r  clk_IBUF_inst/O
                         net (fo=1, routed)           0.855     1.262    clk_IBUF
    BUFGCTRL_X0Y0        BUFG (Prop_bufg_I_O)         0.029     1.291 r  clk_IBUF_BUFG_inst/O
                         net (fo=873, routed)         0.866     2.157    clk_IBUF_BUFG
    SLICE_X1Y134         FDRE                                         r  Msg_reg[113]/C

Slack:                    inf
  Source:                 busIN[115]
                            (input port)
  Destination:            Msg_reg[115]/D
                            (rising edge-triggered cell FDRE clocked by clk  {rise@0.000ns fall@2.500ns period=5.000ns})
  Path Group:             (none)
  Path Type:              Hold (Min at Fast Process Corner)
  Data Path Delay:        0.581ns  (logic 0.172ns (29.604%)  route 0.409ns (70.396%))
  Logic Levels:           1  (IBUF=1)
  Clock Path Skew:        2.161ns (DCD - SCD - CPR)
    Destination Clock Delay (DCD):    2.161ns
    Source Clock Delay      (SCD):    0.000ns
    Clock Pessimism Removal (CPR):    -0.000ns

    Location             Delay type                Incr(ns)  Path(ns)    Netlist Resource(s)
  -------------------------------------------------------------------    -------------------
    M17                                               0.000     0.000 r  busIN[115] (IN)
                         net (fo=0)                   0.000     0.000    busIN[115]
    M17                  IBUF (Prop_ibuf_I_O)         0.172     0.172 r  busIN_IBUF[115]_inst/O
                         net (fo=5, routed)           0.409     0.581    busIN_IBUF[115]
    SLICE_X0Y139         FDRE                                         r  Msg_reg[115]/D
  -------------------------------------------------------------------    -------------------

                         (clock clk rise edge)        0.000     0.000 r  
    Y22                                               0.000     0.000 r  clk (IN)
                         net (fo=0)                   0.000     0.000    clk
    Y22                  IBUF (Prop_ibuf_I_O)         0.406     0.406 r  clk_IBUF_inst/O
                         net (fo=1, routed)           0.855     1.262    clk_IBUF
    BUFGCTRL_X0Y0        BUFG (Prop_bufg_I_O)         0.029     1.291 r  clk_IBUF_BUFG_inst/O
                         net (fo=873, routed)         0.871     2.161    clk_IBUF_BUFG
    SLICE_X0Y139         FDRE                                         r  Msg_reg[115]/C

Slack:                    inf
  Source:                 busIN[107]
                            (input port)
  Destination:            Msg_reg[107]/D
                            (rising edge-triggered cell FDRE clocked by clk  {rise@0.000ns fall@2.500ns period=5.000ns})
  Path Group:             (none)
  Path Type:              Hold (Min at Fast Process Corner)
  Data Path Delay:        0.586ns  (logic 0.205ns (34.996%)  route 0.381ns (65.004%))
  Logic Levels:           1  (IBUF=1)
  Clock Path Skew:        2.157ns (DCD - SCD - CPR)
    Destination Clock Delay (DCD):    2.157ns
    Source Clock Delay      (SCD):    0.000ns
    Clock Pessimism Removal (CPR):    -0.000ns

    Location             Delay type                Incr(ns)  Path(ns)    Netlist Resource(s)
  -------------------------------------------------------------------    -------------------
    H18                                               0.000     0.000 r  busIN[107] (IN)
                         net (fo=0)                   0.000     0.000    busIN[107]
    H18                  IBUF (Prop_ibuf_I_O)         0.205     0.205 r  busIN_IBUF[107]_inst/O
                         net (fo=5, routed)           0.381     0.586    busIN_IBUF[107]
    SLICE_X1Y134         FDRE                                         r  Msg_reg[107]/D
  -------------------------------------------------------------------    -------------------

                         (clock clk rise edge)        0.000     0.000 r  
    Y22                                               0.000     0.000 r  clk (IN)
                         net (fo=0)                   0.000     0.000    clk
    Y22                  IBUF (Prop_ibuf_I_O)         0.406     0.406 r  clk_IBUF_inst/O
                         net (fo=1, routed)           0.855     1.262    clk_IBUF
    BUFGCTRL_X0Y0        BUFG (Prop_bufg_I_O)         0.029     1.291 r  clk_IBUF_BUFG_inst/O
                         net (fo=873, routed)         0.866     2.157    clk_IBUF_BUFG
    SLICE_X1Y134         FDRE                                         r  Msg_reg[107]/C

Slack:                    inf
  Source:                 busIN[112]
                            (input port)
  Destination:            Msg_reg[112]/D
                            (rising edge-triggered cell FDRE clocked by clk  {rise@0.000ns fall@2.500ns period=5.000ns})
  Path Group:             (none)
  Path Type:              Hold (Min at Fast Process Corner)
  Data Path Delay:        0.601ns  (logic 0.203ns (33.814%)  route 0.398ns (66.186%))
  Logic Levels:           1  (IBUF=1)
  Clock Path Skew:        2.162ns (DCD - SCD - CPR)
    Destination Clock Delay (DCD):    2.162ns
    Source Clock Delay      (SCD):    0.000ns
    Clock Pessimism Removal (CPR):    -0.000ns

    Location             Delay type                Incr(ns)  Path(ns)    Netlist Resource(s)
  -------------------------------------------------------------------    -------------------
    L17                                               0.000     0.000 r  busIN[112] (IN)
                         net (fo=0)                   0.000     0.000    busIN[112]
    L17                  IBUF (Prop_ibuf_I_O)         0.203     0.203 r  busIN_IBUF[112]_inst/O
                         net (fo=5, routed)           0.398     0.601    busIN_IBUF[112]
    SLICE_X0Y140         FDRE                                         r  Msg_reg[112]/D
  -------------------------------------------------------------------    -------------------

                         (clock clk rise edge)        0.000     0.000 r  
    Y22                                               0.000     0.000 r  clk (IN)
                         net (fo=0)                   0.000     0.000    clk
    Y22                  IBUF (Prop_ibuf_I_O)         0.406     0.406 r  clk_IBUF_inst/O
                         net (fo=1, routed)           0.855     1.262    clk_IBUF
    BUFGCTRL_X0Y0        BUFG (Prop_bufg_I_O)         0.029     1.291 r  clk_IBUF_BUFG_inst/O
                         net (fo=873, routed)         0.871     2.162    clk_IBUF_BUFG
    SLICE_X0Y140         FDRE                                         r  Msg_reg[112]/C

Slack:                    inf
  Source:                 busIN[115]
                            (input port)
  Destination:            keyR_reg[115]/D
                            (rising edge-triggered cell FDRE clocked by clk  {rise@0.000ns fall@2.500ns period=5.000ns})
  Path Group:             (none)
  Path Type:              Hold (Min at Fast Process Corner)
  Data Path Delay:        0.632ns  (logic 0.172ns (27.211%)  route 0.460ns (72.789%))
  Logic Levels:           1  (IBUF=1)
  Clock Path Skew:        2.155ns (DCD - SCD - CPR)
    Destination Clock Delay (DCD):    2.155ns
    Source Clock Delay      (SCD):    0.000ns
    Clock Pessimism Removal (CPR):    -0.000ns

    Location             Delay type                Incr(ns)  Path(ns)    Netlist Resource(s)
  -------------------------------------------------------------------    -------------------
    M17                                               0.000     0.000 r  busIN[115] (IN)
                         net (fo=0)                   0.000     0.000    busIN[115]
    M17                  IBUF (Prop_ibuf_I_O)         0.172     0.172 r  busIN_IBUF[115]_inst/O
                         net (fo=5, routed)           0.460     0.632    busIN_IBUF[115]
    SLICE_X3Y132         FDRE                                         r  keyR_reg[115]/D
  -------------------------------------------------------------------    -------------------

                         (clock clk rise edge)        0.000     0.000 r  
    Y22                                               0.000     0.000 r  clk (IN)
                         net (fo=0)                   0.000     0.000    clk
    Y22                  IBUF (Prop_ibuf_I_O)         0.406     0.406 r  clk_IBUF_inst/O
                         net (fo=1, routed)           0.855     1.262    clk_IBUF
    BUFGCTRL_X0Y0        BUFG (Prop_bufg_I_O)         0.029     1.291 r  clk_IBUF_BUFG_inst/O
                         net (fo=873, routed)         0.864     2.155    clk_IBUF_BUFG
    SLICE_X3Y132         FDRE                                         r  keyR_reg[115]/C

Slack:                    inf
  Source:                 busIN[108]
                            (input port)
  Destination:            Msg_reg[108]/D
                            (rising edge-triggered cell FDRE clocked by clk  {rise@0.000ns fall@2.500ns period=5.000ns})
  Path Group:             (none)
  Path Type:              Hold (Min at Fast Process Corner)
  Data Path Delay:        0.653ns  (logic 0.184ns (28.140%)  route 0.469ns (71.860%))
  Logic Levels:           1  (IBUF=1)
  Clock Path Skew:        2.162ns (DCD - SCD - CPR)
    Destination Clock Delay (DCD):    2.162ns
    Source Clock Delay      (SCD):    0.000ns
    Clock Pessimism Removal (CPR):    -0.000ns

    Location             Delay type                Incr(ns)  Path(ns)    Netlist Resource(s)
  -------------------------------------------------------------------    -------------------
    J18                                               0.000     0.000 r  busIN[108] (IN)
                         net (fo=0)                   0.000     0.000    busIN[108]
    J18                  IBUF (Prop_ibuf_I_O)         0.184     0.184 r  busIN_IBUF[108]_inst/O
                         net (fo=5, routed)           0.469     0.653    busIN_IBUF[108]
    SLICE_X3Y141         FDRE                                         r  Msg_reg[108]/D
  -------------------------------------------------------------------    -------------------

                         (clock clk rise edge)        0.000     0.000 r  
    Y22                                               0.000     0.000 r  clk (IN)
                         net (fo=0)                   0.000     0.000    clk
    Y22                  IBUF (Prop_ibuf_I_O)         0.406     0.406 r  clk_IBUF_inst/O
                         net (fo=1, routed)           0.855     1.262    clk_IBUF
    BUFGCTRL_X0Y0        BUFG (Prop_bufg_I_O)         0.029     1.291 r  clk_IBUF_BUFG_inst/O
                         net (fo=873, routed)         0.871     2.162    clk_IBUF_BUFG
    SLICE_X3Y141         FDRE                                         r  Msg_reg[108]/C

Slack:                    inf
  Source:                 busIN[114]
                            (input port)
  Destination:            keyR_reg[114]/D
                            (rising edge-triggered cell FDRE clocked by clk  {rise@0.000ns fall@2.500ns period=5.000ns})
  Path Group:             (none)
  Path Type:              Hold (Min at Fast Process Corner)
  Data Path Delay:        0.660ns  (logic 0.206ns (31.137%)  route 0.455ns (68.863%))
  Logic Levels:           1  (IBUF=1)
  Clock Path Skew:        2.155ns (DCD - SCD - CPR)
    Destination Clock Delay (DCD):    2.155ns
    Source Clock Delay      (SCD):    0.000ns
    Clock Pessimism Removal (CPR):    -0.000ns

    Location             Delay type                Incr(ns)  Path(ns)    Netlist Resource(s)
  -------------------------------------------------------------------    -------------------
    J19                                               0.000     0.000 r  busIN[114] (IN)
                         net (fo=0)                   0.000     0.000    busIN[114]
    J19                  IBUF (Prop_ibuf_I_O)         0.206     0.206 r  busIN_IBUF[114]_inst/O
                         net (fo=5, routed)           0.455     0.660    busIN_IBUF[114]
    SLICE_X3Y132         FDRE                                         r  keyR_reg[114]/D
  -------------------------------------------------------------------    -------------------

                         (clock clk rise edge)        0.000     0.000 r  
    Y22                                               0.000     0.000 r  clk (IN)
                         net (fo=0)                   0.000     0.000    clk
    Y22                  IBUF (Prop_ibuf_I_O)         0.406     0.406 r  clk_IBUF_inst/O
                         net (fo=1, routed)           0.855     1.262    clk_IBUF
    BUFGCTRL_X0Y0        BUFG (Prop_bufg_I_O)         0.029     1.291 r  clk_IBUF_BUFG_inst/O
                         net (fo=873, routed)         0.864     2.155    clk_IBUF_BUFG
    SLICE_X3Y132         FDRE                                         r  keyR_reg[114]/C

Slack:                    inf
  Source:                 busIN[111]
                            (input port)
  Destination:            Msg_reg[111]/D
                            (rising edge-triggered cell FDRE clocked by clk  {rise@0.000ns fall@2.500ns period=5.000ns})
  Path Group:             (none)
  Path Type:              Hold (Min at Fast Process Corner)
  Data Path Delay:        0.670ns  (logic 0.202ns (30.220%)  route 0.467ns (69.780%))
  Logic Levels:           1  (IBUF=1)
  Clock Path Skew:        2.161ns (DCD - SCD - CPR)
    Destination Clock Delay (DCD):    2.161ns
    Source Clock Delay      (SCD):    0.000ns
    Clock Pessimism Removal (CPR):    -0.000ns

    Location             Delay type                Incr(ns)  Path(ns)    Netlist Resource(s)
  -------------------------------------------------------------------    -------------------
    L18                                               0.000     0.000 r  busIN[111] (IN)
                         net (fo=0)                   0.000     0.000    busIN[111]
    L18                  IBUF (Prop_ibuf_I_O)         0.202     0.202 r  busIN_IBUF[111]_inst/O
                         net (fo=5, routed)           0.467     0.670    busIN_IBUF[111]
    SLICE_X0Y139         FDRE                                         r  Msg_reg[111]/D
  -------------------------------------------------------------------    -------------------

                         (clock clk rise edge)        0.000     0.000 r  
    Y22                                               0.000     0.000 r  clk (IN)
                         net (fo=0)                   0.000     0.000    clk
    Y22                  IBUF (Prop_ibuf_I_O)         0.406     0.406 r  clk_IBUF_inst/O
                         net (fo=1, routed)           0.855     1.262    clk_IBUF
    BUFGCTRL_X0Y0        BUFG (Prop_bufg_I_O)         0.029     1.291 r  clk_IBUF_BUFG_inst/O
                         net (fo=873, routed)         0.871     2.161    clk_IBUF_BUFG
    SLICE_X0Y139         FDRE                                         r  Msg_reg[111]/C

Slack:                    inf
  Source:                 busIN[114]
                            (input port)
  Destination:            Msg_reg[114]/D
                            (rising edge-triggered cell FDRE clocked by clk  {rise@0.000ns fall@2.500ns period=5.000ns})
  Path Group:             (none)
  Path Type:              Hold (Min at Fast Process Corner)
  Data Path Delay:        0.672ns  (logic 0.206ns (30.605%)  route 0.466ns (69.395%))
  Logic Levels:           1  (IBUF=1)
  Clock Path Skew:        2.161ns (DCD - SCD - CPR)
    Destination Clock Delay (DCD):    2.161ns
    Source Clock Delay      (SCD):    0.000ns
    Clock Pessimism Removal (CPR):    -0.000ns

    Location             Delay type                Incr(ns)  Path(ns)    Netlist Resource(s)
  -------------------------------------------------------------------    -------------------
    J19                                               0.000     0.000 r  busIN[114] (IN)
                         net (fo=0)                   0.000     0.000    busIN[114]
    J19                  IBUF (Prop_ibuf_I_O)         0.206     0.206 r  busIN_IBUF[114]_inst/O
                         net (fo=5, routed)           0.466     0.672    busIN_IBUF[114]
    SLICE_X0Y139         FDRE                                         r  Msg_reg[114]/D
  -------------------------------------------------------------------    -------------------

                         (clock clk rise edge)        0.000     0.000 r  
    Y22                                               0.000     0.000 r  clk (IN)
                         net (fo=0)                   0.000     0.000    clk
    Y22                  IBUF (Prop_ibuf_I_O)         0.406     0.406 r  clk_IBUF_inst/O
                         net (fo=1, routed)           0.855     1.262    clk_IBUF
    BUFGCTRL_X0Y0        BUFG (Prop_bufg_I_O)         0.029     1.291 r  clk_IBUF_BUFG_inst/O
                         net (fo=873, routed)         0.871     2.161    clk_IBUF_BUFG
    SLICE_X0Y139         FDRE                                         r  Msg_reg[114]/C

Slack:                    inf
  Source:                 busIN[116]
                            (input port)
  Destination:            keyR_reg[116]/D
                            (rising edge-triggered cell FDRE clocked by clk  {rise@0.000ns fall@2.500ns period=5.000ns})
  Path Group:             (none)
  Path Type:              Hold (Min at Fast Process Corner)
  Data Path Delay:        0.673ns  (logic 0.204ns (30.264%)  route 0.469ns (69.736%))
  Logic Levels:           1  (IBUF=1)
  Clock Path Skew:        2.154ns (DCD - SCD - CPR)
    Destination Clock Delay (DCD):    2.154ns
    Source Clock Delay      (SCD):    0.000ns
    Clock Pessimism Removal (CPR):    -0.000ns

    Location             Delay type                Incr(ns)  Path(ns)    Netlist Resource(s)
  -------------------------------------------------------------------    -------------------
    M16                                               0.000     0.000 r  busIN[116] (IN)
                         net (fo=0)                   0.000     0.000    busIN[116]
    M16                  IBUF (Prop_ibuf_I_O)         0.204     0.204 r  busIN_IBUF[116]_inst/O
                         net (fo=5, routed)           0.469     0.673    busIN_IBUF[116]
    SLICE_X3Y131         FDRE                                         r  keyR_reg[116]/D
  -------------------------------------------------------------------    -------------------

                         (clock clk rise edge)        0.000     0.000 r  
    Y22                                               0.000     0.000 r  clk (IN)
                         net (fo=0)                   0.000     0.000    clk
    Y22                  IBUF (Prop_ibuf_I_O)         0.406     0.406 r  clk_IBUF_inst/O
                         net (fo=1, routed)           0.855     1.262    clk_IBUF
    BUFGCTRL_X0Y0        BUFG (Prop_bufg_I_O)         0.029     1.291 r  clk_IBUF_BUFG_inst/O
                         net (fo=873, routed)         0.863     2.154    clk_IBUF_BUFG
    SLICE_X3Y131         FDRE                                         r  keyR_reg[116]/C





